observable,n,nrmse,mae,r2
glucose_g_l,6,0.0006915112117779288,0.00975275696003035,0.0
biomass_g_l,180,0.07539578179683688,0.7834809130001459,0.0
DO_percent,180,0.01578509889336499,2.1861083968706128,0.0
pH,180,0.07321224081589547,0.13912092140166255,0.0
