observable,n,nrmse,mae,r2
glucose_g_l,19,0.026166539423927673,0.3712428917422718,0.9773197996485568
biomass_g_l,430,0.04303278237759215,0.2778031826019287,0.9292134046554565
DO_percent,448,0.1277069912876523,14.679326057434082,0.7373003363609314
pH,448,0.03357534445184826,0.061802733689546585,0.0
