observable,n,nrmse,mae,r2
glucose_g_l,19,0.02591579631011015,0.367157250718814,0.9777523869573244
biomass_g_l,430,0.043211785936272895,0.2813331186771393,0.9286232590675354
DO_percent,448,0.12810437398435343,14.720720291137695,0.7356629371643066
pH,448,0.0347008889496904,0.06432922184467316,0.0
