observable,n,nrmse,mae,r2
glucose_g_l,17,0.014224104746372123,0.18326380044868776,0.9905678249532008
biomass_g_l,499,0.07477996237157444,0.6220754981040955,0.7381000518798828
DO_percent,499,0.0766552270279758,9.555217742919922,0.8484675884246826
pH,499,0.053168675755766816,0.10745351016521454,0.0
