observable,n,nrmse,mae,r2
glucose_g_l,17,0.014301476409053776,0.18476020829234832,0.9904649337136454
biomass_g_l,499,0.07466784415146424,0.6226168870925903,0.7388848066329956
DO_percent,499,0.07739288353049792,9.698147773742676,0.8455371260643005
pH,499,0.055359947922594945,0.1121494323015213,0.0
