observable,n,nrmse,mae,r2
glucose_g_l,358,0.03349243270351118,0.39820197692357934,0.9729122546818602
biomass_g_l,9145,0.05297311395590379,0.42608895897865295,0.9377774596214294
DO_percent,9405,0.06659335800332847,6.441015243530273,0.8463951945304871
pH,9405,0.06643141129424107,0.10357003659009933,0.9387485980987549
