observable,n,nrmse,mae,r2
glucose_g_l,18,5.843793779264245,78.15106316417643,0.0
biomass_g_l,399,2.814957302890088,1.7260463878336592,0.0
DO_percent,403,0.7412077124451353,52.62041066041411,0.0
pH,403,0.5470468086323318,1.0727733418386598,0.0
