observable,n,nrmse,mae,r2
glucose_g_l,13,0.03540565990352998,0.38807723866994515,0.664509549953954
biomass_g_l,350,0.4224447085025396,2.5666592287370746,0.0
DO_percent,350,0.009060926053651453,0.7539065748707808,0.0
pH,350,0.2212281533487186,0.41315178946752973,0.0
