observable,n,nrmse,mae,r2
glucose_g_l,334,0.03140017979076475,0.30475086537619633,0.7308987023955942
biomass_g_l,350,0.4224447085025396,2.5666592287370746,0.0
DO_percent,350,0.009060926053651453,0.7539065748707808,0.0
pH,350,0.2212281533487186,0.41315178946752973,0.0
