observable,n,nrmse,mae,r2
glucose_g_l,15,0.25572139240456354,3.7076497940404627,0.0
biomass_g_l,359,7.594850108776089,21.32648611214473,0.0
DO_percent,359,0.7693495663554762,78.39234382505674,0.0
pH,359,0.12040100872958077,0.230631891029151,0.0
