observable,n,nrmse,mae,r2
glucose_g_l,16,0.14862625662337645,2.2051520410944785,0.0
biomass_g_l,399,10.543487639699231,30.06222282702751,0.0
DO_percent,399,0.589056553324668,53.09106682216476,0.0
pH,399,0.2984785420135706,0.5905726203320965,0.0
