observable,n,nrmse,mae,r2
glucose_g_l,436,6.769939602584597,90.06688358181658,0.0
biomass_g_l,449,3.255463103017443,2.0381168889797996,0.0
DO_percent,449,0.36329761025242197,22.964581157240104,0.0
pH,449,0.6152724925570673,1.17925087928036,0.0
