observable,n,nrmse,mae,r2
glucose_g_l,52,6.837691593059118e-05,0.0012855655345796594,
biomass_g_l,136,0.04890248211746181,0.5022349193600637,0.0
DO_percent,136,0.0001645255288841794,0.022848058763421285,0.0
pH,136,0.06938937937581183,0.14668035379859118,0.0
