observable,n,nrmse,mae,r2
glucose_g_l,3,5.373582807905932e-05,0.0010178187706817666,
biomass_g_l,136,0.04890248211746181,0.5022349193600637,0.0
DO_percent,136,0.0001645255288841794,0.022848058763421285,0.0
pH,136,0.06938937937581183,0.14668035379859118,0.0
