observable,n,nrmse,mae,r2
glucose_g_l,7,0.0003936726058510177,0.008077141562742786,
biomass_g_l,90,0.12279105716793816,1.2677188635192742,0.0
DO_percent,90,0.07020099044375779,12.32055777980507,0.0
pH,90,0.008717435746053546,0.013964007007400525,0.0
