observable,n,nrmse,mae,r2
glucose_g_l,142,0.01607643545849577,0.22500899634975569,0.0
biomass_g_l,225,0.2437432015256468,2.238962773729759,0.0
DO_percent,225,0.2397239007482957,40.26513248013709,0.0
pH,225,0.08099307860347622,0.16698812762636053,0.0
