observable,n,nrmse,mae,r2
glucose_g_l,360,0.033352066874605034,0.42577716609912764,0.9729029168781435
biomass_g_l,9072,0.06125277859053108,0.4996642470359802,0.9157939553260803
DO_percent,9350,0.08083624050442263,8.252042770385742,0.8077596426010132
pH,9350,0.038429738945854094,0.044634122401475906,0.9864107966423035
