observable,n,nrmse,mae,r2
glucose_g_l,17,0.11109814596185465,1.6863699558035667,0.5849388446102894
biomass_g_l,501,0.11653706703305464,0.9733995795249939,0.5352076292037964
DO_percent,501,0.0051928732657269775,0.522930383682251,0.0
pH,501,0.0532970538007761,0.0784459188580513,0.0
