observable,n,nrmse,mae,r2
glucose_g_l,17,0.11205606021814063,1.7051871023187957,0.5777504786023033
biomass_g_l,501,0.11509295367770134,0.9677948355674744,0.546655535697937
DO_percent,501,0.005218945680284514,0.5220755934715271,0.0
pH,501,0.05301264596127638,0.07795165479183197,0.0
