observable,n,nrmse,mae,r2
glucose_g_l,17,0.016831914803153953,0.23243440313322603,0.9896200638888453
biomass_g_l,501,0.05044065005976115,0.47455257177352905,0.8710898160934448
DO_percent,501,0.028922366598157206,2.9361765384674072,0.0
pH,501,0.04703446746878966,0.0716714859008789,0.0
