observable,n,nrmse,mae,r2
glucose_g_l,137,0.00020314793868517504,0.002993464349882871,
biomass_g_l,150,0.030046768139230722,0.29667953512630213,0.0
DO_percent,150,0.17822519298393474,30.08825653912489,0.0
pH,150,0.039930538140234104,0.08243959750626616,0.0
