observable,n,nrmse,mae,r2
glucose_g_l,17,0.010372927957272614,0.1314228544883074,0.9949839172585639
biomass_g_l,499,0.06550813312851615,0.5543447732925415,0.7990188002586365
DO_percent,499,0.1601535887243966,15.757582664489746,0.338184654712677
pH,499,0.036372268417820534,0.07186257839202881,0.0
