observable,n,nrmse,mae,r2
glucose_g_l,18,0.03264010172206939,0.3616432873323123,0.9625330828304973
biomass_g_l,444,0.057608694703745814,0.5541264414787292,0.8600327968597412
DO_percent,449,0.14943647717173952,13.76924991607666,0.39329469203948975
pH,449,0.017600497333230686,0.02372942864894867,0.40997445583343506
