observable,n,nrmse,mae,r2
glucose_g_l,17,0.010713009666895234,0.14961477765899478,0.9953218916842824
biomass_g_l,499,0.04645414129956602,0.42935577034950256,0.9312459230422974
DO_percent,499,0.07730231259105502,7.397943019866943,0.41262465715408325
pH,499,0.014685110917480195,0.024443546310067177,0.6130959391593933
