observable,n,nrmse,mae,r2
glucose_g_l,19,0.0513453262465725,0.6191841510588075,0.9088391867577811
biomass_g_l,418,0.15157264444112553,1.5158164501190186,0.0
DO_percent,451,0.12743620669255076,12.259318351745605,0.4240543842315674
pH,451,0.07228178855698197,0.15237638354301453,0.0
