Benchmark,Observable,R2 mean,R2 median,R2 std,MAE mean,MAE median,MAE std,NRMSE mean,NRMSE median,NRMSE std
Leave-One-Bioreactor-Out,Biomass / OD,0.7354703626849435,0.8269893229007721,0.2756481287049587,0.7842240590940822,0.5985035002231598,0.58596915654381,0.08635639882598546,0.06576731413588399,0.059944967814177144
Leave-One-Bioreactor-Out,Glucose,0.8959487448240531,0.9621623156430226,0.156823806762807,0.6015767787737137,0.45567903224034595,0.5103147884370784,0.0448759811418843,0.03263625687610325,0.035323626172224974
Leave-One-Bioreactor-Out,DO,0.41629051891240204,0.43560296297073364,0.35094975390212285,9.012815849347549,9.159445524215698,6.523183311886881,0.08156949258029265,0.0758682920250777,0.05796075492069056
Leave-One-Bioreactor-Out,pH,0.08182790062644264,0.0,0.22224695668122801,0.1163009731945666,0.08381120860576624,0.11088779338187882,0.06043797518777358,0.04479638846005495,0.05390570481739822
