observable,n,nrmse,mae,r2
glucose_g_l,386,0.15638920385746477,2.3613085830018776,0.0
biomass_g_l,400,9.91474067001564,28.01333518965336,0.0
DO_percent,400,0.143581757648878,12.618452534282701,0.0
pH,400,0.33192390456733467,0.656017788459895,0.0
