observable,n,nrmse,mae,r2
glucose_g_l,16,0.1657563500435429,2.4803469467980346,0.0
biomass_g_l,400,9.91474067001564,28.01333518965336,0.0
DO_percent,400,0.143581757648878,12.618452534282701,0.0
pH,400,0.33192390456733467,0.656017788459895,0.0
