observable,n,nrmse,mae,r2
glucose_g_l,278,0.1644629906967919,2.5075361040768005,0.0
biomass_g_l,360,8.31748796051281,23.68730257218593,0.0
DO_percent,360,0.67958914487615,71.71829725061946,0.0
pH,360,0.1795007972137515,0.34100937679206955,0.0
