{
  "mu_max": 0.004804248455911875,
  "Ksubs": 0.010994277894496918,
  "KLaO2": 1.9999457597732544,
  "KLaCO2": 10.03310775756836
}