observable,n,nrmse,mae,r2
glucose_g_l,18,0.033348165462513735,0.3644374873661672,0.9608899070227058
biomass_g_l,444,0.05712774452520713,0.5501924157142639,0.8623600602149963
DO_percent,449,0.14964641816341923,13.879480361938477,0.3915887475013733
pH,449,0.01779791892465881,0.02480589784681797,0.39666372537612915
