observable,n,nrmse,mae,r2
glucose_g_l,17,0.009979153804862613,0.12846990886421272,0.9953575268460795
biomass_g_l,499,0.06420923949283305,0.5436683893203735,0.8069099187850952
DO_percent,499,0.15999358098021055,15.56161880493164,0.3395063877105713
pH,499,0.03543802056476167,0.0694074034690857,0.0
