observable,n,nrmse,mae,r2
glucose_g_l,189,0.019327035321818002,0.18983183912557633,0.3041972930242125
biomass_g_l,269,0.3522399038406943,2.3279630180957875,0.0
DO_percent,269,0.47676716286880505,78.5360069090267,0.0
pH,269,0.161318400062966,0.2587312125613754,0.0
