observable,n,nrmse,mae,r2
glucose_g_l,11,0.01823572196338226,0.17144738934711728,0.11727109437951777
biomass_g_l,269,0.3522399038406943,2.3279630180957875,0.0
DO_percent,269,0.47676716286880505,78.5360069090267,0.0
pH,269,0.161318400062966,0.2587312125613754,0.0
