observable,n,nrmse,mae,r2
glucose_g_l,335,0.1472078136981457,1.8554426111610338,0.2672424432785381
biomass_g_l,350,0.38243626321671503,2.444120569367122,0.0
DO_percent,350,0.008492101611359573,0.7934186489600433,0.0
pH,350,0.5306540839171403,1.0074659750467845,0.0
