observable,n,nrmse,mae,r2
glucose_g_l,144,0.001183150787779089,0.019093420535601258,0.0
biomass_g_l,224,0.13731353035480504,1.0632579990550715,0.0
DO_percent,224,0.27412635050804884,47.460915605661015,0.0
pH,224,0.10632087266890898,0.22588491052884105,0.0
