observable,n,nrmse,mae,r2
glucose_g_l,10,0.00420234948560298,0.033955589830415904,0.7705624960706717
biomass_g_l,299,0.2661887967631469,1.7069720737938185,0.0
DO_percent,299,0.30290700375829976,50.43291297901205,0.0
pH,299,0.12451301357097762,0.21136917306446976,0.0
