observable,n,nrmse,mae,r2
glucose_g_l,55,0.0006763098898839119,0.011835881291916813,0.0
biomass_g_l,135,0.03689218234609718,0.3821012018810279,0.0
DO_percent,135,0.10141122918011634,15.14116361236509,0.0
pH,135,0.19134923495698644,0.4016063114098996,0.0
