observable,n,nrmse,mae,r2
glucose_g_l,84,0.00012815538465256977,0.002212669863919904,
biomass_g_l,100,0.04063330600307034,0.4201428845071147,0.0
DO_percent,100,0.01114745334291499,1.9616590063190997,0.0
pH,100,0.06480912325146575,0.1378405041238312,0.0
