observable,n,nrmse,mae,r2
glucose_g_l,5,0.00010597372112301415,0.0017481041722930597,
biomass_g_l,100,0.04063330600307034,0.4201428845071147,0.0
DO_percent,100,0.01114745334291499,1.9616590063190997,0.0
pH,100,0.06480912325146575,0.1378405041238312,0.0
