observable,n,nrmse,mae,r2
glucose_g_l,336,0.04093954606060593,0.37808712224045415,0.5221726505766479
biomass_g_l,349,0.3211809587583432,1.677956086381819,0.0
DO_percent,349,0.18421015750713787,27.939207295432716,0.0
pH,349,0.22654532445132303,0.4191950609357651,0.0
