observable,n,nrmse,mae,r2
glucose_g_l,13,0.05506920448282448,0.5976633988293425,0.13479882274070765
biomass_g_l,349,0.3211809587583432,1.677956086381819,0.0
DO_percent,349,0.18421015750713787,27.939207295432716,0.0
pH,349,0.22654532445132303,0.4191950609357651,0.0
