{
  "mu_max": 0.005013997200876474,
  "Ksubs": 0.009569428861141205,
  "KLaO2": 1.9999457597732544,
  "KLaCO2": 10.028040885925293
}