{
  "mu_max": 0.0050110467709600925,
  "Ksubs": 0.00958358496427536,
  "KLaO2": 1.9999457597732544,
  "KLaCO2": 10.028636932373047
}