observable,n,nrmse,mae,r2
glucose_g_l,98,0.0007892549292518054,0.010498784037815036,0.0
biomass_g_l,180,0.27672964453495386,2.5913143347540375,0.0
DO_percent,180,0.270520000808417,44.9878034412283,0.0
pH,180,0.1724642098904222,0.352038484578161,0.0
