{
  "mu_max": 0.0050681778229773045,
  "Ksubs": 0.009439639747142792,
  "KLaO2": 1.9999457597732544,
  "KLaCO2": 10.029531478881836
}