{
  "mu_max": 0.005065763834863901,
  "Ksubs": 0.009455733001232147,
  "KLaO2": 1.9999457597732544,
  "KLaCO2": 10.030723571777344
}