observable,n,nrmse,mae,r2
glucose_g_l,233,0.0023306292017206,0.029946168560049908,0.0
biomass_g_l,314,0.37023376796661767,1.8635364876361236,0.0
DO_percent,314,0.4976235969661157,88.60493931440898,0.0
pH,314,0.3299561647369104,0.6176559897352296,0.0
