observable,n,nrmse,mae,r2
glucose_g_l,8,0.0005236885733294768,0.003941725349603672,
biomass_g_l,249,0.1438441558918353,1.2166374013138834,0.0
DO_percent,249,0.2174035170985637,38.40292640850084,0.0
pH,249,0.06338946779215945,0.12493351452135801,0.0
