observable,n,nrmse,mae,r2
glucose_g_l,17,0.03128793250196174,0.4961781157971924,0.9924389612903768
biomass_g_l,450,0.12900836497293972,1.111266851425171,0.8908043503761292
DO_percent,451,0.08396367358379883,12.708581924438477,0.8253323435783386
pH,451,0.053383211081084805,0.09614573419094086,0.0
