observable,n,nrmse,mae,r2
glucose_g_l,19,0.041379911062338785,0.6346838457677089,0.9440568622231672
biomass_g_l,421,0.06732538877893503,0.6288052201271057,0.8806291222572327
DO_percent,448,0.2058110877499805,23.534135818481445,0.445783793926239
pH,448,0.12622784867384385,0.25998327136039734,0.0
