observable,n,nrmse,mae,r2
glucose_g_l,8,1.1577009161758566e-06,1.1336449776688795e-05,
biomass_g_l,225,0.1238851257461453,1.1341466461561174,0.0
DO_percent,225,0.13094886249689525,20.041219527286582,0.0
pH,225,0.060303855441998,0.12288203384263603,0.0
