observable,n,nrmse,mae,r2
glucose_g_l,16,0.1470618212686552,2.249085387345951,0.19922219292244991
biomass_g_l,399,10.027495833315353,28.43652310516277,0.0
DO_percent,399,0.2832066708107692,24.775475947808122,0.0
pH,399,0.32556629213478333,0.6438754992260767,0.0
