observable,n,nrmse,mae,r2
glucose_g_l,386,0.1408880607281014,2.14668853938898,0.18006194968494416
biomass_g_l,399,10.027495833315353,28.43652310516277,0.0
DO_percent,399,0.2832066708107692,24.775475947808122,0.0
pH,399,0.32556629213478333,0.6438754992260767,0.0
