observable,n,nrmse,mae,r2
glucose_g_l,323,5.914925962567808,79.45653355192854,0.0
biomass_g_l,396,3.260397060846246,2.059027200842339,0.0
DO_percent,404,0.8609667797505309,64.77714115431101,0.0
pH,404,0.6534766523427566,1.2812403556907346,0.0
