observable,n,nrmse,mae,r2
glucose_g_l,18,5.929686504417715,79.61419216375663,0.0
biomass_g_l,391,1.2784130560764775,0.7254430550589648,0.0
DO_percent,405,0.8086052622485974,58.25232121751378,0.0
pH,405,0.6515297107040093,1.278611966233364,0.0
