observable,n,nrmse,mae,r2
glucose_g_l,11,0.021235814338616054,0.24816116299564453,0.8559227355091736
biomass_g_l,269,0.1698651238325567,1.0750237887213654,0.0
DO_percent,269,0.4175683214418206,61.56107266423499,0.0
pH,269,0.37814819288505813,0.7553958784905533,0.0
