observable,n,nrmse,mae,r2
glucose_g_l,189,0.021353987907299282,0.2595129175802111,0.8761550021397798
biomass_g_l,269,0.1698651238325567,1.0750237887213654,0.0
DO_percent,269,0.4175683214418206,61.56107266423499,0.0
pH,269,0.37814819288505813,0.7553958784905533,0.0
