observable,n,nrmse,mae,r2
glucose_g_l,17,0.010492069934996717,0.14665131496023692,0.9955128598643637
biomass_g_l,499,0.046616770531449137,0.43127328157424927,0.9307636618614197
DO_percent,499,0.07741138263212162,7.3809943199157715,0.4109659790992737
pH,499,0.014808567152385987,0.025028519332408905,0.6065632104873657
