observable,n,nrmse,mae,r2
glucose_g_l,19,0.051476272629955064,0.6207228207921872,0.9083736175847398
biomass_g_l,418,0.15062027355389498,1.5040619373321533,0.0
DO_percent,451,0.12723261069568326,12.293742179870605,0.4258931875228882
pH,451,0.07316164369375217,0.15419615805149078,0.0
