observable,n,nrmse,mae,r2
glucose_g_l,8,0.0010448019333538874,0.008851219839166305,0.0
biomass_g_l,225,0.04052177858983196,0.34360178971228245,0.0
DO_percent,225,0.11287850221555208,17.949665898335983,0.0
pH,225,0.07315430414576699,0.14207905966459006,0.0
