observable,n,nrmse,mae,r2
glucose_g_l,143,8.32791493516212e-07,7.439746874442162e-06,
biomass_g_l,225,0.2988331837019177,2.829253268000648,0.0
DO_percent,225,0.13396912185332835,21.595806318909236,0.0
pH,225,0.02212292810277533,0.04014366302309505,0.0
