{
  "mu_max": 0.005390578880906105,
  "Ksubs": 0.008987240493297577,
  "KLaO2": 1.9999457597732544,
  "KLaCO2": 10.030723571777344
}