observable,n,nrmse,mae,r2
glucose_g_l,186,0.0006996669330412976,0.008736264501054854,
biomass_g_l,200,0.018884347985024523,0.1706521577151002,0.5483264598931049
DO_percent,200,0.15985630823711344,28.20013151879259,0.0
pH,200,0.08282055447531225,0.1597435437112961,0.0
