observable,n,nrmse,mae,r2
glucose_g_l,54,0.0004983112444853617,0.007609539726536506,0.0
biomass_g_l,135,0.0667873145929939,0.5693666123698112,0.0
DO_percent,135,0.01813116692970721,2.8000361292213527,0.0
pH,135,0.021548854858015273,0.037403968204736904,0.0
