{
  "mu_max": 0.005031968001276255,
  "Ksubs": 0.009529642760753632,
  "KLaO2": 1.9999457597732544,
  "KLaCO2": 10.029531478881836
}