observable,n,nrmse,mae,r2
glucose_g_l,12,0.0030886300864668872,0.0190458995710378,0.0
biomass_g_l,315,0.36056091274537405,1.9128667916497852,0.0
DO_percent,315,0.4319958665357994,77.29977824559323,0.0
pH,315,0.43072527734926136,0.7741525019011479,0.0
