observable,n,nrmse,mae,r2
glucose_g_l,13,0.11343609317958298,1.619625984066928,0.0
biomass_g_l,350,0.35261742609785307,2.140880873918214,0.0
DO_percent,350,0.005384725062588395,0.5368293304165296,0.0
pH,350,0.19801534796075637,0.354056443458644,0.0
