observable,n,nrmse,mae,r2
glucose_g_l,8,1.0852892406254356e-05,0.0002224242416559125,
biomass_g_l,90,0.043798518908811326,0.4555764687224846,0.0
DO_percent,90,0.0886785844022003,15.387937141669806,0.0
pH,90,0.03210196244523721,0.06771502110447748,0.0
