observable,n,nrmse,mae,r2
glucose_g_l,19,0.0765517670780441,0.7911033332918479,0.7952403449227798
biomass_g_l,429,0.08071813654240599,0.8077079653739929,0.6598848104476929
DO_percent,452,0.02063861895485348,1.1400306224822998,0.0
pH,452,0.22109658119016115,0.46998244524002075,0.0
