observable,n,nrmse,mae,r2
glucose_g_l,99,0.0013011853607581157,0.020538209302024768,0.0
biomass_g_l,179,0.10109195504418647,1.0613691028440095,0.0
DO_percent,179,0.09746600165618213,16.723996504575744,0.0
pH,179,0.18603613005875486,0.37681718707008793,0.0
