observable,n,nrmse,mae,r2
glucose_g_l,7,2.1190090507794603e-05,0.0004346189297003286,
biomass_g_l,91,0.018266114164959244,0.16344547567507922,0.0
DO_percent,91,0.01230317515960119,1.7902323488311263,0.0
pH,91,0.03210233265359083,0.06409512741887073,0.0
