observable,n,nrmse,mae,r2
glucose_g_l,1,1.9062096037472467e-05,0.000391916692024,
biomass_g_l,91,0.018266114164959244,0.16344547567507922,0.0
DO_percent,91,0.01230317515960119,1.7902323488311263,0.0
pH,91,0.03210233265359083,0.06409512741887073,0.0
