observable,n,nrmse,mae,r2
glucose_g_l,144,0.012465416126960003,0.12672619824915443,0.7288781431655122
biomass_g_l,224,0.14734891497966193,1.2374674621586321,0.0
DO_percent,224,0.4490434634821619,72.41503337782036,0.0
pH,224,0.18920737176836108,0.39386799948225765,0.0
