observable,n,nrmse,mae,r2
glucose_g_l,52,0.0016884977033689895,0.02756743014336373,0.0
biomass_g_l,135,0.1699842099875281,1.428569624416822,0.0
DO_percent,135,0.17649923366730846,30.377962953175672,0.0
pH,135,0.06823202893514921,0.14401468249767813,0.0
