observable,n,nrmse,mae,r2
glucose_g_l,6,0.00010193099538702032,0.0015740259744536666,
biomass_g_l,181,0.05390000914948646,0.5375723234907113,0.0
DO_percent,181,0.012929722223256251,1.0049715568414415,0.0
pH,181,0.03572489228061522,0.06773970702535875,0.0
