observable,n,nrmse,mae,r2
glucose_g_l,7,1.1232486668182863e-05,0.0002303873791658286,
biomass_g_l,91,0.022288414675386396,0.2270090642857988,0.0
DO_percent,91,0.00016974069042993722,0.023347928336665897,0.0
pH,91,0.11302939413081065,0.24037094218892296,0.0
