observable,n,nrmse,mae,r2
glucose_g_l,322,5.75109775834031,77.03282941663801,0.0
biomass_g_l,392,3.7513495451337904,2.4524393514163667,0.0
DO_percent,406,0.8198566589033965,58.992634758114406,0.0
pH,406,0.16093990510822298,0.30569451367028705,0.0
