observable,n,nrmse,mae,r2
glucose_g_l,17,0.01146884456616059,0.14445363633456768,0.9944425249166451
biomass_g_l,499,0.09214791043333903,0.7705510258674622,0.7995230555534363
DO_percent,499,0.08056110746408732,7.637035369873047,0.708869218826294
pH,499,0.011181522784551087,0.017634214833378792,0.8152923583984375
