observable,n,nrmse,mae,r2
glucose_g_l,17,0.031226757991038256,0.49567123592580997,0.9924684992383168
biomass_g_l,450,0.13091123198195231,1.1271358728408813,0.8875592947006226
DO_percent,451,0.08349011368648683,12.62593936920166,0.827297031879425
pH,451,0.053304897685246384,0.09616103768348694,0.0
