observable,n,nrmse,mae,r2
glucose_g_l,17,0.012131038191254058,0.1532304913022182,0.9937822374840183
biomass_g_l,499,0.09048771713867992,0.7546370625495911,0.8066818118095398
DO_percent,499,0.08045493111800078,7.6748175621032715,0.7096360921859741
pH,499,0.010963293150574248,0.018227621912956238,0.8224318623542786
