observable,n,nrmse,mae,r2
glucose_g_l,6,0.00024853377283603703,0.0039042724917331835,
biomass_g_l,151,0.0337693637468864,0.3359590962564646,0.0
DO_percent,151,0.007461442704971794,1.1598018470499565,0.0
pH,151,0.04612095564445003,0.09575670126569158,0.0
