observable,n,nrmse,mae,r2
glucose_g_l,87,4.6840263889977075e-05,0.0007800001678813932,
biomass_g_l,100,0.02837954802763622,0.2806823157573601,0.0
DO_percent,100,0.01528262553608256,2.371956879252755,0.0
pH,100,0.025523178043039843,0.051226966513728385,0.0
