observable,n,nrmse,mae,r2
glucose_g_l,5,3.6267298023677815e-05,0.0005804250220534801,
biomass_g_l,100,0.02837954802763622,0.2806823157573601,0.0
DO_percent,100,0.01528262553608256,2.371956879252755,0.0
pH,100,0.025523178043039843,0.051226966513728385,0.0
