observable,n,nrmse,mae,r2
glucose_g_l,16,6.9022758426676685,90.92305586588819,0.0
biomass_g_l,450,1.8297350341031124,1.0297891512605715,0.0
DO_percent,450,0.024724578496177253,1.0042016482690308,0.0
pH,450,0.3786808662486006,0.7114010109110603,0.0
