{
  "mu_max": 0.004872108343988657,
  "Ksubs": 0.009816788136959076,
  "KLaO2": 1.9999457597732544,
  "KLaCO2": 10.036981582641602
}