observable,n,nrmse,mae,r2
glucose_g_l,436,6.700150202344634,89.10487215876994,0.0
biomass_g_l,450,3.2660268085077,2.0063155392221637,0.0
DO_percent,450,0.184786420066514,11.789430138832142,0.0
pH,450,0.6145780573127329,1.1812289866803285,0.0
