observable,n,nrmse,mae,r2
glucose_g_l,322,5.557699994809238,74.49188489592532,0.0
biomass_g_l,394,3.1673371142700186,1.9923898141165701,0.0
DO_percent,406,0.04799385395725006,1.0099621425342906,0.0
pH,406,0.6627265177371485,1.3033129682474216,0.0
