observable,n,nrmse,mae,r2
glucose_g_l,19,0.028392830350956178,0.38216133410470476,0.9717629321308742
biomass_g_l,427,0.0402428322905661,0.3399186432361603,0.945984423160553
DO_percent,448,0.14633126103733085,16.54436683654785,0.7212838530540466
pH,448,0.0633417165104755,0.1294442117214203,0.0
