observable,n,nrmse,mae,r2
glucose_g_l,336,0.04166811497324659,0.38280218112522973,0.4301393382755585
biomass_g_l,349,0.30449899165689703,1.5574577626381623,0.0
DO_percent,349,0.28037358481082253,43.27762520097682,0.0
pH,349,0.22360939820183742,0.4128958176915266,0.0
