observable,n,nrmse,mae,r2
glucose_g_l,13,0.053968798258776145,0.5659394070021526,0.008484796815726336
biomass_g_l,349,0.30449899165689703,1.5574577626381623,0.0
DO_percent,349,0.28037358481082253,43.27762520097682,0.0
pH,349,0.22360939820183742,0.4128958176915266,0.0
