observable,n,nrmse,mae,r2
glucose_g_l,386,0.13839313940800813,2.1057551206336655,0.13922324877011405
biomass_g_l,399,10.109066737380097,28.598159346771503,0.0
DO_percent,399,0.43087631952422467,38.16916720049904,0.0
pH,399,0.32051377545559906,0.634390569230155,0.0
