observable,n,nrmse,mae,r2
glucose_g_l,97,0.008713883697506385,0.14033196491218103,0.0
biomass_g_l,180,0.3935306569097135,3.8529615387970555,0.0
DO_percent,180,0.12736224310365918,19.313878185231346,0.0
pH,180,0.09705475308105144,0.1742291204966092,0.0
