observable,n,nrmse,mae,r2
glucose_g_l,9,0.003161480647819062,0.02684779244007786,0.6299465407248994
biomass_g_l,224,0.09584378340974836,0.8214688796988645,0.0
DO_percent,224,0.4465312882666526,78.55000668388695,0.0
pH,224,0.15567189976015758,0.3275326318852664,0.0
