observable,n,nrmse,mae,r2
glucose_g_l,278,0.16986448065760454,2.559262152212296,0.0
biomass_g_l,358,8.123400585730352,23.116699943473332,0.0
DO_percent,358,0.6788987676307506,59.30259647146657,0.0
pH,358,0.24171770352791866,0.46773181609574244,0.0
