observable,n,nrmse,mae,r2
glucose_g_l,97,0.0006138980638968343,0.009976798442778005,0.0
biomass_g_l,181,0.2561232207272279,2.277733792092836,0.0
DO_percent,181,0.22108070280657596,35.09335693370503,0.0
pH,181,0.1302089826517216,0.25372615808667187,0.0
