observable,n,nrmse,mae,r2
glucose_g_l,356,0.034366515980554437,0.43440776148626525,0.9712774195947121
biomass_g_l,9196,0.05454848341962632,0.4634767770767212,0.9323158264160156
DO_percent,9452,0.08035775377368362,6.9661760330200195,0.825448751449585
pH,9452,0.05251188235618993,0.08026175945997238,0.9608925580978394
