observable,n,nrmse,mae,r2
glucose_g_l,19,0.04465269691707323,0.5686722070535881,0.9338510197975137
biomass_g_l,451,0.14539057018462329,1.4083619117736816,0.44925326108932495
DO_percent,452,0.029366071733449663,1.7918334007263184,0.0
pH,452,0.023344631672532107,0.044098008424043655,0.0
