observable,n,nrmse,mae,r2
glucose_g_l,19,0.04431461429579674,0.5617363583770376,0.9348489061356962
biomass_g_l,451,0.14497484065019425,1.4046522378921509,0.4523983597755432
DO_percent,452,0.029413239410048614,1.8351820707321167,0.0
pH,452,0.02473193264098306,0.04636196419596672,0.0
