observable,n,nrmse,mae,r2
glucose_g_l,19,0.0276293056535189,0.3736888463311545,0.9732611845091811
biomass_g_l,427,0.0405131922172618,0.34978821873664856,0.945256233215332
DO_percent,448,0.14665310435227175,16.539012908935547,0.7200564742088318
pH,448,0.0633288906803746,0.12930984795093536,0.0
