observable,n,nrmse,mae,r2
glucose_g_l,232,0.12546581222944145,1.507664353298109,0.24372975581056244
biomass_g_l,315,0.5041819564731056,3.1304983118237772,0.0
DO_percent,315,0.3511005524227499,52.502888582275446,0.0
pH,315,0.4014671949816893,0.6959403716867534,0.0
