observable,n,nrmse,mae,r2
glucose_g_l,18,5.675997412898944,75.00907409068088,0.0
biomass_g_l,386,7.719830297790628,5.052371903903976,0.0
DO_percent,405,0.6837132438032876,41.806253350137354,0.0
pH,405,0.07075102753134907,0.11725535804013654,0.0
