observable,n,nrmse,mae,r2
glucose_g_l,236,0.0003311929311319491,0.002330029391779907,
biomass_g_l,249,0.19124235604440584,1.6660080947032907,0.0
DO_percent,249,0.4297876964100792,76.82390157696493,0.0
pH,249,0.07152929669409672,0.14326486612382072,0.0
