observable,n,nrmse,mae,r2
glucose_g_l,322,5.507798166527033,73.61614031154197,0.0
biomass_g_l,406,4.663604037742815,3.025928046218265,0.0
DO_percent,406,0.056819181180698945,0.985262758210019,0.0
pH,406,0.16500341880499536,0.3146073344597432,0.0
