observable,n,rmse,mae,r2
glucose_mol_l,4,0.0004412359186692635,0.00025701377307996154,0.0
biomass_g_l,87,0.140309270766381,0.1078643798828125,0.9902136325836182
O2_l_mol,87,2.905498518481881e-06,9.765184358911938e-07,0.9694315791130066
pH,87,0.006472068713552009,0.004082378465682268,0.9823036193847656
