observable,n,nrmse,mae,r2
glucose_g_l,17,0.017174225301265892,0.23943708055758492,0.9891935774854821
biomass_g_l,501,0.04960416331633853,0.46638429164886475,0.8753299117088318
DO_percent,501,0.028076181698734833,2.807776927947998,0.0
pH,501,0.04842361964677277,0.07405726611614227,0.0
