{
  "mu_max": 0.005339616909623146,
  "Ksubs": 0.008973829448223114,
  "KLaO2": 1.9999457597732544,
  "KLaCO2": 10.027444839477539
}