observable,n,nrmse,mae,r2
glucose_g_l,8,7.154043753142615e-05,0.0008995690336632532,
biomass_g_l,226,0.054214645400075465,0.44402187688907213,0.0
DO_percent,226,0.07987845827456296,12.00725752918975,0.0
pH,226,0.05331503938241809,0.09325512835140264,0.0
