observable,n,nrmse,mae,r2
glucose_g_l,6,0.0007708998297463195,0.013102594680773683,0.0
biomass_g_l,180,0.3425403871292224,3.2346533521160143,0.0
DO_percent,180,0.23804567101575494,38.81364989944493,0.0
pH,180,0.14914600072531498,0.2967946527278082,0.0
