observable,n,nrmse,mae,r2
glucose_g_l,7,0.0019244207762150445,0.02079352766408447,
biomass_g_l,200,0.05236877852457838,0.47446507753616346,0.0
DO_percent,200,0.1055535861726933,12.76271369370126,0.0
pH,200,0.13591615339611612,0.2773732245008511,0.0
