{
  "mu_max": 0.004268611781299114,
  "Ksubs": 0.009978018701076508,
  "KLaO2": 1.9999457597732544,
  "KLaCO2": 10.053074836730957
}