observable,n,nrmse,mae,r2
glucose_g_l,233,0.0009069687026564035,0.010620248455262028,0.0
biomass_g_l,315,0.39243788342379904,2.232487147599851,0.0
DO_percent,315,0.4344348473325738,77.75711847816683,0.0
pH,315,0.6501730395877025,1.2450078537122045,0.0
