observable,n,nrmse,mae,r2
glucose_g_l,12,0.0011746714026730615,0.01311517966787506,0.0
biomass_g_l,315,0.39243788342379904,2.232487147599851,0.0
DO_percent,315,0.4344348473325738,77.75711847816683,0.0
pH,315,0.6501730395877025,1.2450078537122045,0.0
