{
  "mu_max": 0.005336398258805275,
  "Ksubs": 0.0089869424700737,
  "KLaO2": 1.9999457597732544,
  "KLaCO2": 10.027743339538574
}