{
  "mu_max": 0.004995489958673716,
  "Ksubs": 0.009634546935558319,
  "KLaO2": 1.9999457597732544,
  "KLaCO2": 10.029531478881836
}