{
  "mu_max": 0.004992003086954355,
  "Ksubs": 0.009648256003856659,
  "KLaO2": 1.9999457597732544,
  "KLaCO2": 10.030425071716309
}