{
  "mu_max": 0.00010502299119252712,
  "Ksubs": 0.4752720892429352,
  "KLaO2": 1.9997073411941528,
  "KLaCO2": 417.13958740234375
}