observable,n,nrmse,mae,r2
glucose_g_l,13,0.037836904542312366,0.4010835294060691,0.5056202679613488
biomass_g_l,350,0.32618349973957456,1.6586571117196787,0.0
DO_percent,350,0.09319629127552517,14.080100126401474,0.0
pH,350,0.22650240029373955,0.419271913210398,0.0
