observable,n,nrmse,mae,r2
glucose_g_l,336,0.028514053401706856,0.2542112437909732,0.7257527989734346
biomass_g_l,350,0.32618349973957456,1.6586571117196787,0.0
DO_percent,350,0.09319629127552517,14.080100126401474,0.0
pH,350,0.22650240029373955,0.419271913210398,0.0
