{
  "mu_max": 0.0042678071185946465,
  "Ksubs": 0.010714732110500336,
  "KLaO2": 1.9999457597732544,
  "KLaCO2": 10.050393104553223
}