observable,n,nrmse,mae,r2
glucose_g_l,10,0.01227035750351304,0.11870749782460521,0.30830824624729025
biomass_g_l,301,0.2059856384975461,1.4043226526904449,0.0
DO_percent,301,0.009637165409070038,0.7901232774863128,0.0
pH,301,0.14873316222992058,0.2597604908028099,0.0
