observable,n,nrmse,mae,r2
glucose_g_l,384,0.07473369463905474,1.0743271978076114,0.8431240073962377
biomass_g_l,400,10.562702991011315,30.695755386701173,0.0
DO_percent,400,0.00901434622276918,0.5989382446560313,0.0
pH,400,0.5591565449957401,1.1291881927924712,0.0
