observable,n,nrmse,mae,r2
glucose_g_l,15,0.07931868796443763,1.1314027213117064,0.7959868536698824
biomass_g_l,400,10.562702991011315,30.695755386701173,0.0
DO_percent,400,0.00901434622276918,0.5989382446560313,0.0
pH,400,0.5591565449957401,1.1291881927924712,0.0
