observable,n,nrmse,mae,r2
glucose_g_l,187,0.0003853027463140949,0.0047822517112835776,
biomass_g_l,200,0.05906910564893549,0.5975550798989261,0.0
DO_percent,200,0.16479876619934347,29.349908780387512,0.0
pH,200,0.12566354979493327,0.25399340514167235,0.0
