observable,n,nrmse,mae,r2
glucose_g_l,7,0.000342010771283604,0.003336905545438585,
biomass_g_l,200,0.047853745488504275,0.4759407337887421,0.0
DO_percent,200,0.16422327900977268,29.208428774021023,0.0
pH,200,0.09454430294234097,0.18655963970370956,0.0
