observable,n,nrmse,mae,r2
glucose_g_l,187,0.0004651623480068424,0.005785295906533279,
biomass_g_l,200,0.047853745488504275,0.4759407337887421,0.0
DO_percent,200,0.16422327900977268,29.208428774021023,0.0
pH,200,0.09454430294234097,0.18655963970370956,0.0
