observable,n,nrmse,mae,r2
glucose_g_l,15,0.2261058423896346,3.2656458052633623,0.0
biomass_g_l,400,8.22851753798225,22.55795602897751,0.0
DO_percent,400,0.018734580597583362,1.1668087040096013,0.0
pH,400,0.10035023287876378,0.18312734334215444,0.0
