observable,n,nrmse,mae,r2
glucose_g_l,384,0.2152536031389471,3.098348184413277,0.0
biomass_g_l,400,8.22851753798225,22.55795602897751,0.0
DO_percent,400,0.018734580597583362,1.1668087040096013,0.0
pH,400,0.10035023287876378,0.18312734334215444,0.0
