observable,n,nrmse,mae,r2
glucose_g_l,13,0.02933702463067682,0.27912288731266127,0.8079106774417574
biomass_g_l,350,0.4271060031363882,2.5933744148288307,0.0
DO_percent,350,0.009039882545561203,0.8622352148790463,0.0
pH,350,0.2869038838178038,0.4814421961631361,0.0
