observable,n,nrmse,mae,r2
glucose_g_l,334,0.025480058748037285,0.21872980654782168,0.8533037279694655
biomass_g_l,350,0.4271060031363882,2.5933744148288307,0.0
DO_percent,350,0.009039882545561203,0.8622352148790463,0.0
pH,350,0.2869038838178038,0.4814421961631361,0.0
