observable,n,nrmse,mae,r2
glucose_g_l,235,0.02813314744523587,0.30043264386823565,0.6979687009396089
biomass_g_l,250,0.09079303242555221,0.8366950685969535,0.0
DO_percent,250,0.03578328654164393,3.922044854760153,0.0
pH,250,0.17479711232523196,0.3706267747311475,0.0
