observable,n,nrmse,mae,r2
glucose_g_l,8,0.023745473621239285,0.2056665783552676,0.6884003420990396
biomass_g_l,250,0.09079303242555221,0.8366950685969535,0.0
DO_percent,250,0.03578328654164393,3.922044854760153,0.0
pH,250,0.17479711232523196,0.3706267747311475,0.0
