observable,n,nrmse,mae,r2
glucose_g_l,8,0.0009576628946760037,0.016897105303360173,0.0
biomass_g_l,226,0.047572075815715965,0.3933751816130143,0.0
DO_percent,226,0.05963602764417257,7.826314496650595,0.0
pH,226,0.03997386418506033,0.06887903278413933,0.0
