{
  "mu_max": 0.00010904630471486598,
  "Ksubs": 0.45202332735061646,
  "KLaO2": 1.9990516901016235,
  "KLaCO2": 476.73883056640625
}