observable,n,nrmse,mae,r2
glucose_g_l,19,0.03158303554168664,0.4038499184532838,0.9650610410293426
biomass_g_l,427,0.03371518272922682,0.26396411657333374,0.96208655834198
DO_percent,448,0.14038352010722577,17.86908531188965,0.6852015852928162
pH,448,0.07829928393730874,0.16214868426322937,0.0
