observable,n,nrmse,mae,r2
glucose_g_l,6,7.851196799284122e-05,0.0011849356742458833,
biomass_g_l,180,0.10950683141411909,1.1477377675634846,0.0
DO_percent,180,0.040095315781772764,7.092798388418398,0.0
pH,180,0.14990398185509032,0.30600528692721035,0.0
