observable,n,nrmse,mae,r2
glucose_g_l,10,0.0003146510272949585,0.006236941022798674,0.0
biomass_g_l,90,0.022891794346232588,0.23046518781654438,0.0
DO_percent,90,0.08914991666988334,15.447750816552979,0.0
pH,90,0.03517783129434759,0.07427358439112464,0.0
