observable,n,nrmse,mae,r2
glucose_g_l,17,0.02061681406556594,0.22590893310779556,0.9825748897188759
biomass_g_l,501,0.0565777616266149,0.5224820971488953,0.841887354850769
DO_percent,501,0.021595867434275808,1.847102403640747,0.0
pH,501,0.03612722727307753,0.06227189302444458,0.0
