observable,n,nrmse,mae,r2
glucose_g_l,18,0.032590756649308536,0.3515252461234757,0.9147780050197634
biomass_g_l,409,0.04447495401892678,0.268359899520874,0.8490903973579407
DO_percent,450,0.09598463613844734,11.499489784240723,0.6004756689071655
pH,450,0.04101372230647623,0.08338095992803574,0.0
