observable,n,nrmse,mae,r2
glucose_g_l,18,0.040076619819632155,0.5268779348398877,0.9396534947315075
biomass_g_l,430,0.06112343804966828,0.5359545946121216,0.8253774642944336
DO_percent,449,0.08979474763636165,11.921993255615234,0.7892055511474609
pH,449,0.07474345402179737,0.15533189475536346,0.0
