{
  "mu_max": 0.004996294621378183,
  "Ksubs": 0.009606830775737762,
  "KLaO2": 1.9999457597732544,
  "KLaCO2": 10.029531478881836
}