observable,n,nrmse,mae,r2
glucose_g_l,6,0.00010142322296780556,0.0015096039666483334,
biomass_g_l,151,0.02933115179276968,0.2878613764325889,0.0
DO_percent,151,0.05263417829030974,6.515564638987473,0.0
pH,151,0.012378749361506998,0.023585286182232205,0.0
