observable,n,nrmse,mae,r2
glucose_g_l,11,0.0027026875270614956,0.03438007747246455,0.15280248997839962
biomass_g_l,271,0.022391659033097918,0.1524289814467438,0.1374692851841398
DO_percent,271,0.4333060632815807,77.60754646054028,0.0
pH,271,0.02443760333322992,0.03855285972933613,0.0
