observable,n,nrmse,mae,r2
glucose_g_l,8,0.0018002284772947888,0.013629658952240213,
biomass_g_l,250,0.2672590868780083,2.5431654633297556,0.0
DO_percent,250,0.006517733264399452,0.7914110232611651,0.0
pH,250,0.06420216804238867,0.12497790818285691,0.0
