observable,n,nrmse,mae,r2
glucose_g_l,54,0.0007217082939192446,0.01210088214253501,0.0
biomass_g_l,135,0.044287657485790305,0.45025064379306606,0.0
DO_percent,135,0.1842991742159902,31.787923018775903,0.0
pH,135,0.009879350503791136,0.01802256974747888,0.0
