observable,n,nrmse,mae,r2
glucose_g_l,19,0.024019462942453704,0.29246378088380603,0.9786941315082925
biomass_g_l,416,0.04184328882249716,0.29232364892959595,0.9197728633880615
DO_percent,452,0.11417121640706168,10.706132888793945,0.53664231300354
pH,452,0.01498879708420923,0.021538350731134415,0.7352742552757263
