observable,n,nrmse,mae,r2
glucose_g_l,6,0.00900738063619966,0.15201425117750958,
biomass_g_l,180,0.2773597516868925,2.542241712539851,0.0
DO_percent,180,0.126419344185212,19.22655657929704,0.0
pH,180,0.09179229387011895,0.16206043980702303,0.0
