observable,n,nrmse,mae,r2
glucose_g_l,135,0.0012149773797282904,0.01904409755952652,
biomass_g_l,151,0.02521829847875983,0.25051118983796516,0.0
DO_percent,151,0.009405548138537369,1.5324181274255173,0.0
pH,151,0.08038782185270626,0.16869881061190223,0.0
