observable,n,nrmse,mae,r2
glucose_g_l,6,0.0006172760478407361,0.009907153706687133,
biomass_g_l,151,0.02521829847875983,0.25051118983796516,0.0
DO_percent,151,0.009405548138537369,1.5324181274255173,0.0
pH,151,0.08038782185270626,0.16869881061190223,0.0
