observable,n,nrmse,mae,r2
glucose_g_l,6,6.25920151841087e-05,0.0009452261268354666,
biomass_g_l,150,0.06150479194904237,0.6314698942962743,0.0
DO_percent,150,0.19688333152781567,33.353413323117856,0.0
pH,150,0.06998457399779594,0.147573249549561,0.0
