observable,n,nrmse,mae,r2
glucose_g_l,17,0.014734184437858315,0.18715246191196336,0.9898792156244374
biomass_g_l,499,0.06296418724212322,0.5685349702835083,0.8143255114555359
DO_percent,499,0.09008660454223613,9.610821723937988,0.8293636441230774
pH,499,0.020318423069837048,0.037879716604948044,0.04232347011566162
