observable,n,nrmse,mae,r2
glucose_g_l,19,0.04772686136547405,0.5874294617397947,0.9244292879073323
biomass_g_l,451,0.14579988865322113,1.399427056312561,0.4461478590965271
DO_percent,452,0.030560790721779727,2.5153727531433105,0.0
pH,452,0.03586022355493827,0.07061018794775009,0.0
