observable,n,nrmse,mae,r2
glucose_g_l,17,0.014210115372954127,0.18043742538601476,0.9905863688735193
biomass_g_l,499,0.0631811649904783,0.5698619484901428,0.8130436539649963
DO_percent,499,0.09067015151855201,9.598857879638672,0.8271458745002747
pH,499,0.023372975152635794,0.044164396822452545,0.0
