observable,n,nrmse,mae,r2
glucose_g_l,1,0.00046244754746298304,0.0095079215150327,
biomass_g_l,91,0.05747349291708758,0.5978677997070089,0.0
DO_percent,91,0.01469614893953764,2.3748878831229003,0.0
pH,91,0.047083491274347467,0.10018617192381121,0.0
