{
  "mu_max": 0.004985297564417124,
  "Ksubs": 0.0097537562251091,
  "KLaO2": 1.9999457597732544,
  "KLaCO2": 10.031021118164062
}