observable,n,nrmse,mae,r2
glucose_g_l,232,0.0014523768190744999,0.008188322800653354,
biomass_g_l,315,0.5719130671214864,3.5110245574540415,0.0
DO_percent,315,0.4122518066796526,72.82428976246145,0.0
pH,315,0.3406835825331392,0.6365433165987965,0.0
