observable,n,nrmse,mae,r2
glucose_g_l,17,0.021507230570258135,0.309684307237838,0.9830528523197213
biomass_g_l,501,0.03414246345908193,0.31535401940345764,0.9409369826316833
DO_percent,501,0.015252827268402602,1.5590044260025024,0.0
pH,501,0.025936054303268806,0.03943318873643875,0.0
