observable,n,nrmse,mae,r2
glucose_g_l,18,0.039298777828418424,0.45046097855731987,0.8760858511654216
biomass_g_l,409,0.045470732740424374,0.32007500529289246,0.8422570824623108
DO_percent,450,0.10062195314608895,11.019229888916016,0.5609385967254639
pH,450,0.05317209550146424,0.10450354963541031,0.0
