parameter,default_value,learned_value,range_low,range_high,relative_change
mu_max,0.009,0.005054766777902842,9e-06,9.0,-0.43835924689968425
Ksubs,0.005,0.009484939277172089,5e-07,5.0,0.8969878554344177
KLaO2,2.0,1.9999457597732544,0.002,2000.0,-2.7120113372802734e-05
KLaCO2,10.0,10.030425071716309,0.01,10000.0,0.0030425071716308595
