observable,n,nrmse,mae,r2
glucose_g_l,17,0.10497894487903364,1.593789944747851,0.6294021675977433
biomass_g_l,501,0.11282080549728384,0.9376388192176819,0.5643784999847412
DO_percent,501,0.00622778669230443,0.6473275423049927,0.0
pH,501,0.05310006123781308,0.07883136719465256,0.0
