observable,n,nrmse,mae,r2
glucose_g_l,17,0.02256507614266849,0.2896594578702749,0.9784864640271583
biomass_g_l,499,0.07873820087461784,0.7483939528465271,0.8167741298675537
DO_percent,499,0.06777291046635663,6.448910713195801,0.7939609289169312
pH,499,0.020129424838070682,0.02808907814323902,0.6443157196044922
