observable,n,nrmse,mae,r2
glucose_g_l,17,0.02246229251660739,0.29068577088867664,0.978682005415086
biomass_g_l,499,0.07089639133066625,0.6638681888580322,0.8514529466629028
DO_percent,499,0.06854328893596369,6.763153553009033,0.7892501950263977
pH,499,0.020593431768038448,0.02905670553445816,0.6277288198471069
