observable,n,nrmse,mae,r2
glucose_g_l,17,0.104490224216703,1.568689096895063,0.6328447098445524
biomass_g_l,501,0.11710368849453588,0.9543238878250122,0.5306768417358398
DO_percent,501,0.006628615587523513,0.6447291970252991,0.0
pH,501,0.053087188081099905,0.08077754825353622,0.0
