observable,n,nrmse,mae,r2
glucose_g_l,360,0.033530346836306964,0.4287757747631888,0.9727132922447637
biomass_g_l,9074,0.05891393668544241,0.47180071473121643,0.9219698309898376
DO_percent,9352,0.07926295107387159,7.712945938110352,0.8123573660850525
pH,9352,0.04364033370871804,0.05013709142804146,0.9816545248031616
