observable,n,nrmse,mae,r2
glucose_g_l,52,0.002095069541022694,0.03964841039851303,
biomass_g_l,135,0.27449988079278287,2.533027302484241,0.0
DO_percent,135,0.17282980035375758,29.690802003633433,0.0
pH,135,0.06193416579437252,0.13048928861926284,0.0
