observable,n,nrmse,mae,r2
glucose_g_l,232,0.0025947036255589044,0.02200901261664628,0.0
biomass_g_l,316,0.27112745882333666,1.4363972505326912,0.0
DO_percent,316,0.4180801626315995,74.15000931724823,0.0
pH,316,0.5719606155551136,1.06203721114334,0.0
