observable,n,nrmse,mae,r2
glucose_g_l,13,0.0028242215076425383,0.017287975033888417,0.0
biomass_g_l,316,0.27112745882333666,1.4363972505326912,0.0
DO_percent,316,0.4180801626315995,74.15000931724823,0.0
pH,316,0.5719606155551136,1.06203721114334,0.0
