observable,n,nrmse,mae,r2
glucose_g_l,8,0.0009719097567417278,0.014988376523200272,0.0
biomass_g_l,225,0.2604338060567563,2.4521389692759157,0.0
DO_percent,225,0.12893110682109665,19.55249991181784,0.0
pH,225,0.060777420307798764,0.12515363959476947,0.0
