observable,n,nrmse,mae,r2
glucose_g_l,144,0.0009330185285282994,0.015859987391348158,0.0
biomass_g_l,225,0.2604338060567563,2.4521389692759157,0.0
DO_percent,225,0.12893110682109665,19.55249991181784,0.0
pH,225,0.060777420307798764,0.12515363959476947,0.0
