{
  "mu_max": 0.005040014628320932,
  "Ksubs": 0.009551696479320526,
  "KLaO2": 1.9999457597732544,
  "KLaCO2": 10.030425071716309
}