{
  "mu_max": 0.005038673523813486,
  "Ksubs": 0.009531877934932709,
  "KLaO2": 1.9999457597732544,
  "KLaCO2": 10.03012752532959
}