{
  "mu_max": 0.005037600640207529,
  "Ksubs": 0.009523384273052216,
  "KLaO2": 1.9999457597732544,
  "KLaCO2": 10.029531478881836
}