observable,n,nrmse,mae,r2
glucose_g_l,17,5.893138315442056,78.9930837371219,0.0
biomass_g_l,393,2.6005372857473334,1.6766664577966386,0.0
DO_percent,405,0.8648466612866161,64.31756096564776,0.0
pH,405,0.1704659242898947,0.3257311205561867,0.0
