observable,n,nrmse,mae,r2
glucose_g_l,323,5.791105474524487,77.7042829445073,0.0
biomass_g_l,393,2.6005372857473334,1.6766664577966386,0.0
DO_percent,405,0.8648466612866161,64.31756096564776,0.0
pH,405,0.1704659242898947,0.3257311205561867,0.0
