observable,n,nrmse,mae,r2
glucose_g_l,1,0.0029082525670308156,0.0597936723957537,
biomass_g_l,90,0.008767762170698037,0.07749545788414113,0.0
DO_percent,90,0.060591900259148186,10.752923516770046,0.0
pH,90,0.0028451514763052446,0.004696692904147248,0.0
