observable,n,nrmse,mae,r2
glucose_g_l,17,0.01474674223062041,0.20183478381123288,0.9911358018142927
biomass_g_l,499,0.04410057679483782,0.4024565517902374,0.9380361437797546
DO_percent,499,0.06180564332395992,6.819401264190674,0.6245198249816895
pH,499,0.024019364585826385,0.03977328911423683,0.0
