observable,n,nrmse,mae,r2
glucose_g_l,8,0.00029672710359456136,0.0022278139807632032,
biomass_g_l,249,0.11473023563496862,0.946656102054939,0.0
DO_percent,249,0.3288762282928459,58.56511539176262,0.0
pH,249,0.05522300120891328,0.1111310692315399,0.0
