observable,n,nrmse,mae,r2
glucose_g_l,17,0.019001988544579882,0.22640583392598485,0.9851976547049521
biomass_g_l,501,0.053990613275201785,0.49938398599624634,0.8560168743133545
DO_percent,501,0.028400521806426455,3.2772464752197266,0.0
pH,501,0.043654213075994326,0.08208806812763214,0.0
