observable,n,nrmse,mae,r2
glucose_g_l,19,0.03406432658716124,0.44705296919118875,0.9571478839453519
biomass_g_l,416,0.053003476258684554,0.4088975787162781,0.8712704181671143
DO_percent,452,0.08505459839132837,10.436175346374512,0.7428427934646606
pH,452,0.030621584985153747,0.053093478083610535,0.0
