parameter,default_value,learned_value,range_low,range_high,relative_change
mu_max,0.009,0.0049901255406439304,9e-06,9.0,-0.4455416065951188
Ksubs,0.005,0.009626351296901703,5e-07,5.0,0.9252702593803406
KLaO2,2.0,1.9999457597732544,0.002,2000.0,-2.7120113372802734e-05
KLaCO2,10.0,10.030723571777344,0.01,10000.0,0.003072357177734375
