{
  "mu_max": 0.004811490420252085,
  "Ksubs": 0.0109783336520195,
  "KLaO2": 1.9999457597732544,
  "KLaCO2": 10.031915664672852
}