observable,n,nrmse,mae,r2
glucose_g_l,3,3.481941136652302e-05,0.0006529297970700666,
biomass_g_l,135,0.07872933141996583,0.8167683180881906,0.0
DO_percent,135,0.19882307093162516,34.19278917233357,0.0
pH,135,0.09704954370724485,0.20526050245268823,0.0
