observable,n,nrmse,mae,r2
glucose_g_l,6,0.0011235042419139888,0.012473184119444349,0.0
biomass_g_l,179,0.05929973344218344,0.6181686283920995,0.0
DO_percent,179,0.026768555474794103,4.465921831132664,0.0
pH,179,0.12418460397422834,0.2545228362309242,0.0
