{
  "mu_max": 0.005017752293497324,
  "Ksubs": 0.00956689566373825,
  "KLaO2": 1.9999457597732544,
  "KLaCO2": 10.030425071716309
}