{
  "mu_max": 0.004984492901712656,
  "Ksubs": 0.009645722806453705,
  "KLaO2": 1.9999457597732544,
  "KLaCO2": 10.029829025268555
}