{
  "mu_max": 0.004985834006220102,
  "Ksubs": 0.00965496152639389,
  "KLaO2": 1.9999457597732544,
  "KLaCO2": 10.031319618225098
}