observable,n,nrmse,mae,r2
glucose_g_l,19,0.03185538840013268,0.409587432185939,0.9644558582727056
biomass_g_l,427,0.033260395394870614,0.2702482342720032,0.9631025195121765
DO_percent,448,0.1320722342884861,16.668296813964844,0.7213729023933411
pH,448,0.0821837055343798,0.17009411752223969,0.0
