observable,n,nrmse,mae,r2
glucose_g_l,17,0.05112942277280074,0.7043552207293267,0.9057450813814916
biomass_g_l,501,0.10761932878838269,0.969799280166626,0.5673309564590454
DO_percent,501,0.026119904058789046,2.502089023590088,0.0
pH,501,0.04650444864469489,0.09378679096698761,0.0
