observable,n,nrmse,mae,r2
glucose_g_l,17,0.051646540920060977,0.6982678880228399,0.9038288692749392
biomass_g_l,501,0.10756285590497734,0.9741635918617249,0.5677849054336548
DO_percent,501,0.029998626376826563,2.9205856323242188,0.0
pH,501,0.0472862221369118,0.09612854570150375,0.0
