observable,n,nrmse,mae,r2
glucose_g_l,135,0.00029998774278933247,0.004467650987983943,
biomass_g_l,151,0.05794981325265616,0.5903621914090209,0.0
DO_percent,151,0.007713508365468309,1.2011450441461855,0.0
pH,151,0.022719875806978783,0.04430722073166932,0.0
