observable,n,nrmse,mae,r2
glucose_g_l,19,0.04123404658667882,0.5226741048628307,0.9435921328321122
biomass_g_l,451,0.14238191311152423,1.3816606998443604,0.47181135416030884
DO_percent,452,0.028705891069842525,1.859148383140564,0.0
pH,452,0.02667907152879209,0.045846037566661835,0.0
