observable,n,nrmse,mae,r2
glucose_g_l,19,0.04393926084839201,0.6780712679832945,0.9369226833764007
biomass_g_l,421,0.06731752883982267,0.6307604908943176,0.8806569576263428
DO_percent,448,0.20701877504315563,23.535402297973633,0.43926048278808594
pH,448,0.12179913813523027,0.25078216195106506,0.0
