observable,n,nrmse,mae,r2
glucose_g_l,19,0.040970762672629966,0.5200317738490317,0.9443101739528391
biomass_g_l,451,0.14238194338737314,1.383002758026123,0.47181105613708496
DO_percent,452,0.02777083601358378,1.589498519897461,0.0
pH,452,0.026632258597441654,0.04576634243130684,0.0
