observable,n,nrmse,mae,r2
glucose_g_l,87,3.44675305525211e-05,0.0005744574541337873,
biomass_g_l,100,0.06218476662740156,0.6471818340124045,0.0
DO_percent,100,0.02900160761824415,4.689774155282372,0.0
pH,100,0.01043932085260357,0.016115339642215946,0.0
