{
  "mu_max": 0.005033309105783701,
  "Ksubs": 0.009519360959529877,
  "KLaO2": 1.9999457597732544,
  "KLaCO2": 10.0292329788208
}