{
  "mu_max": 0.005054766777902842,
  "Ksubs": 0.009484939277172089,
  "KLaO2": 1.9999457597732544,
  "KLaCO2": 10.030425071716309
}