observable,n,nrmse,mae,r2
glucose_g_l,188,0.0006614966162088498,0.008815186088753492,0.25915132337774116
biomass_g_l,270,0.023862478629083597,0.16013595188913876,0.0
DO_percent,270,0.4412321181228719,79.0504025230091,0.0
pH,270,0.04183176555610983,0.08294935560501196,0.0
