observable,n,nrmse,mae,r2
glucose_g_l,10,0.0010308559842963504,0.012908560818061198,0.05629717479068974
biomass_g_l,270,0.023862478629083597,0.16013595188913876,0.0
DO_percent,270,0.4412321181228719,79.0504025230091,0.0
pH,270,0.04183176555610983,0.08294935560501196,0.0
