observable,n,nrmse,mae,r2
glucose_g_l,3,0.0001539408318352222,0.002931247038456267,
biomass_g_l,136,0.12661174122738741,1.2309565562014977,0.0
DO_percent,136,0.016870705279749158,2.669006310385934,0.0
pH,136,0.026846365364277203,0.038920102048110215,0.0
