observable,n,nrmse,mae,r2
glucose_g_l,52,0.00019173571265441593,0.003633444591496948,
biomass_g_l,136,0.12661174122738741,1.2309565562014977,0.0
DO_percent,136,0.016870705279749158,2.669006310385934,0.0
pH,136,0.026846365364277203,0.038920102048110215,0.0
