observable,n,nrmse,mae,r2
glucose_g_l,18,0.0321894310585499,0.3746030431099653,0.963560571717363
biomass_g_l,444,0.06302662045883711,0.5823771357536316,0.832467794418335
DO_percent,449,0.14589689959204208,14.066182136535645,0.4216952919960022
pH,449,0.016476857368603406,0.028461378067731857,0.48290568590164185
