observable,n,nrmse,mae,r2
glucose_g_l,18,0.07443488278710163,0.9439797874988884,0.522561482842528
biomass_g_l,426,0.052764362589392294,0.4040229320526123,0.8677666783332825
DO_percent,450,0.17872479335669447,19.96702766418457,0.0
pH,450,0.09817054073838666,0.20084039866924286,0.0
