observable,n,nrmse,mae,r2
glucose_g_l,358,0.030126907547730824,0.3712513378652062,0.9782254003817231
biomass_g_l,9204,0.05449732978702024,0.455253928899765,0.9344337582588196
DO_percent,9453,0.10684802053413321,8.591238975524902,0.6429886817932129
pH,9453,0.05035970663712752,0.07870593667030334,0.9633663892745972
