observable,n,nrmse,mae,r2
glucose_g_l,385,0.16707358932477823,2.460361605116628,0.5642689664029145
biomass_g_l,400,7.425500574791655,20.52337130295172,0.0
DO_percent,400,0.013061294849821211,0.7144739338187693,0.0
pH,400,0.3010678904045629,0.6039921889725598,0.0
