observable,n,nrmse,mae,r2
glucose_g_l,9,0.00011552029310305659,0.0019735824878118727,0.0
biomass_g_l,90,0.0176541318608863,0.17732588680793038,0.0
DO_percent,90,0.08472708007551209,14.598088947707492,0.0
pH,90,0.06206147204821789,0.13188799918605038,0.0
