observable,n,nrmse,mae,r2
glucose_g_l,1,1.3025290588617091e-05,0.0002677999727893,
biomass_g_l,90,0.0176541318608863,0.17732588680793038,0.0
DO_percent,90,0.08472708007551209,14.598088947707492,0.0
pH,90,0.06206147204821789,0.13188799918605038,0.0
