observable,n,nrmse,mae,r2
glucose_g_l,187,0.030513889080541572,0.5271400779570746,0.7758466466685867
biomass_g_l,270,0.303916251559856,2.3510303754578428,0.0
DO_percent,270,0.3792262335504266,61.1560912999878,0.0
pH,270,0.022002911795982707,0.03809775161173028,0.0
