observable,n,nrmse,mae,r2
glucose_g_l,10,0.029555771855908596,0.47907780897617336,0.7697773103864561
biomass_g_l,270,0.303916251559856,2.3510303754578428,0.0
DO_percent,270,0.3792262335504266,61.1560912999878,0.0
pH,270,0.022002911795982707,0.03809775161173028,0.0
