observable,n,nrmse,mae,r2
glucose_g_l,17,0.16595865995192077,2.3764889567035423,0.3959988758330515
biomass_g_l,500,0.2994066716313541,2.831784725189209,0.0
DO_percent,500,0.019401520894087594,1.8261289596557617,0.0
pH,500,0.19470508883259527,0.35228702425956726,0.0
