observable,n,nrmse,mae,r2
glucose_g_l,19,0.02422194413015252,0.2955068178905172,0.9783334056272214
biomass_g_l,416,0.045857969148629225,0.35718202590942383,0.9036394357681274
DO_percent,452,0.11394596459337862,10.467182159423828,0.5384688377380371
pH,452,0.015055349990069578,0.02146884985268116,0.7329181432723999
