observable,n,nrmse,mae,r2
glucose_g_l,17,0.16662336414768175,2.388972446869721,0.3911508480463832
biomass_g_l,500,0.2890554092067556,2.731208086013794,0.0
DO_percent,500,0.018351570925824047,1.7670505046844482,0.0
pH,500,0.1960652617694026,0.35512393712997437,0.0
