observable,n,nrmse,mae,r2
glucose_g_l,358,0.028672870686134302,0.3529181150067965,0.9793990397798216
biomass_g_l,9158,0.052187973945718454,0.42768025398254395,0.9382925033569336
DO_percent,9400,0.11223847156186578,9.183271408081055,0.6198194026947021
pH,9400,0.042914280033613555,0.06025050953030586,0.9757519364356995
