observable,n,nrmse,mae,r2
glucose_g_l,5,4.287717468973489e-05,0.000686342397239,
biomass_g_l,100,0.02004860997285555,0.19167421178350735,0.0
DO_percent,100,0.011491938704789102,1.742847811155991,0.0
pH,100,0.023415032739296883,0.045785982859993135,0.0
