{
  "mu_max": 5.4865729907760397e-05,
  "Ksubs": 0.8821540474891663,
  "KLaO2": 2.0000054836273193,
  "KLaCO2": 106.39643859863281
}