observable,n,nrmse,mae,r2
glucose_g_l,278,0.14437534732749494,2.1377890299016764,0.0
biomass_g_l,360,9.420147847397764,26.709791308260012,0.0
DO_percent,360,0.6795556580246802,72.01199095746846,0.0
pH,360,0.2089694140683376,0.41710425013639785,0.0
