observable,n,nrmse,mae,r2
glucose_g_l,15,0.1435247391209468,2.1212292477242434,0.0
biomass_g_l,360,9.420147847397764,26.709791308260012,0.0
DO_percent,360,0.6795556580246802,72.01199095746846,0.0
pH,360,0.2089694140683376,0.41710425013639785,0.0
