observable,n,nrmse,mae,r2
glucose_g_l,19,0.03480454340609489,0.5336514868401547,0.9616077587504419
biomass_g_l,421,0.067087955151239,0.6420009732246399,0.8814696073532104
DO_percent,448,0.1800189000561425,24.034160614013672,0.4796563386917114
pH,448,0.11396660877666318,0.23817327618598938,0.0
