observable,n,nrmse,mae,r2
glucose_g_l,19,0.04019738679072012,0.5777178766989663,0.9875312207385571
biomass_g_l,422,0.11960715490567882,1.1864556074142456,0.8253251314163208
DO_percent,451,0.06591281460415477,8.684847831726074,0.8910644054412842
pH,451,0.03822293521270691,0.07171498239040375,0.0
