observable,n,nrmse,mae,r2
glucose_g_l,19,0.04286246298493608,0.6218543427520358,0.9858230586990993
biomass_g_l,422,0.12255574707577101,1.1911602020263672,0.8166067004203796
DO_percent,451,0.0875889741322687,12.474818229675293,0.8076336979866028
pH,451,0.06037887605626379,0.10965955257415771,0.0
