observable,n,nrmse,mae,r2
glucose_g_l,19,0.03879634812767326,0.5631620856291729,0.9522961665671498
biomass_g_l,421,0.0718572865015667,0.6917334794998169,0.8640177249908447
DO_percent,448,0.18635426365191107,24.795682907104492,0.4423871636390686
pH,448,0.07850890646958401,0.1617942899465561,0.0
