observable,n,nrmse,mae,r2
glucose_g_l,11,0.01141895864255964,0.11896892646335303,0.844121962751036
biomass_g_l,269,0.24921855702641493,1.567857253303979,0.0
DO_percent,269,0.46241405406882363,74.33699110476383,0.0
pH,269,0.2759367922756298,0.5465112541565759,0.0
