observable,n,nrmse,mae,r2
glucose_g_l,3,0.0007851927754461906,0.013399956425031034,0.0
biomass_g_l,136,0.17142516735941846,1.6903519417416564,0.0
DO_percent,136,0.02213103069782282,3.6624797578187045,0.0
pH,136,0.012508193273687731,0.022867789476938984,0.0
