observable,n,nrmse,mae,r2
glucose_g_l,188,0.0026039615442956764,0.018201512564542093,0.0
biomass_g_l,270,0.5094538629183829,3.8854752226241005,0.0
DO_percent,270,0.4395656972748464,78.74656610276597,0.0
pH,270,0.08639533538507468,0.17192591160331241,0.0
