observable,n,nrmse,mae,r2
glucose_g_l,233,0.06532111236236961,0.7755416902399586,0.24268627746472604
biomass_g_l,313,0.24401473695282527,1.3450233562928178,0.0
DO_percent,313,0.42868799909124855,64.0425515872296,0.0
pH,313,0.24933860711507722,0.4300334803846033,0.0
