observable,n,nrmse,mae,r2
glucose_g_l,19,0.07643152164669964,0.7917302013784637,0.7958831014955712
biomass_g_l,429,0.08158353795741786,0.8159351944923401,0.6525527238845825
DO_percent,452,0.020626390090023348,1.1276695728302002,0.0
pH,452,0.21915176580056803,0.4658277928829193,0.0
