observable,n,nrmse,mae,r2
glucose_g_l,19,0.043279018246216515,0.599001250323944,0.9388040731238665
biomass_g_l,421,0.06904901417174308,0.6499342918395996,0.8744387626647949
DO_percent,448,0.18208112690270195,20.892160415649414,0.4676663279533386
pH,448,0.10880536410956974,0.22462432086467743,0.0
