observable,n,nrmse,mae,r2
glucose_g_l,19,0.04286537304205407,0.5880077119240799,0.939968260044841
biomass_g_l,421,0.06963137965375381,0.6574193239212036,0.8723118305206299
DO_percent,448,0.18281596065883185,20.91559410095215,0.4633609652519226
pH,448,0.1065739408410923,0.2198345810174942,0.0
