{
  "mu_max": 0.005016947630792856,
  "Ksubs": 0.009552590548992157,
  "KLaO2": 1.9999457597732544,
  "KLaCO2": 10.031021118164062
}