observable,n,nrmse,mae,r2
glucose_g_l,232,0.0011874191032772057,0.010176163398192826,0.0
biomass_g_l,316,0.39428046850167286,2.0571563699157154,0.0
DO_percent,316,0.003979276913124542,0.18058792005955143,0.0
pH,316,0.3604099333366587,0.6743625482231203,0.0
