observable,n,nrmse,mae,r2
glucose_g_l,18,0.06906141574088537,0.8639294462491214,0.5890060877606631
biomass_g_l,426,0.08495015147345635,0.8296704292297363,0.6572417616844177
DO_percent,450,0.15409903015834572,16.83786964416504,0.0067400336265563965
pH,450,0.08578566905593633,0.17803750932216644,0.0
