observable,n,nrmse,mae,r2
glucose_g_l,19,0.03206312766823181,0.4098282920216405,0.9620349107386635
biomass_g_l,416,0.04357244551287453,0.3775325119495392,0.9130051732063293
DO_percent,452,0.06626698596374815,6.597939968109131,0.8439019322395325
pH,452,0.010404355645838704,0.017645027488470078,0.8271651864051819
