observable,n,nrmse,mae,r2
glucose_g_l,18,0.06766241276802332,0.8473957031084974,0.6054887471164173
biomass_g_l,426,0.08855951897330672,0.8719130158424377,0.6274967193603516
DO_percent,450,0.15160327745094906,16.651229858398438,0.03865271806716919
pH,450,0.0860081430492997,0.17849554121494293,0.0
