observable,n,nrmse,mae,r2
glucose_g_l,19,0.03268175710289808,0.41517994868349956,0.9605557727231195
biomass_g_l,416,0.04382132151377913,0.37321871519088745,0.91200852394104
DO_percent,452,0.06292442433257325,6.338475227355957,0.8592522144317627
pH,452,0.01110520029176386,0.019854996353387833,0.8030964136123657
