parameter,default_value,learned_value,range_low,range_high,relative_change
mu_max,0.009,0.00502633536234498,9e-06,9.0,-0.44151829307277995
Ksubs,0.005,0.009529642760753632,5e-07,5.0,0.9059285521507263
KLaO2,2.0,1.9999457597732544,0.002,2000.0,-2.7120113372802734e-05
KLaCO2,10.0,10.029829025268555,0.01,10000.0,0.002982902526855469
