{
  "mu_max": 0.0050630816258490086,
  "Ksubs": 0.009482704102993011,
  "KLaO2": 1.9999457597732544,
  "KLaCO2": 10.0292329788208
}