{
  "mu_max": 0.005057985428720713,
  "Ksubs": 0.009497754275798798,
  "KLaO2": 1.9999457597732544,
  "KLaCO2": 10.029531478881836
}