observable,n,nrmse,mae,r2
glucose_g_l,16,0.14003644509146648,2.1183176602404634,0.3154952959038727
biomass_g_l,358,7.318341424393092,20.82165756624006,0.0
DO_percent,358,0.5946054450386283,46.53551679847166,0.0
pH,358,0.24489286467039365,0.4764106147691291,0.0
