{
  "mu_max": 0.005053962115198374,
  "Ksubs": 0.009453944861888885,
  "KLaO2": 1.9999457597732544,
  "KLaCO2": 10.03012752532959
}