{
  "mu_max": 0.005052889231592417,
  "Ksubs": 0.009467355906963348,
  "KLaO2": 1.9999457597732544,
  "KLaCO2": 10.030723571777344
}