observable,n,nrmse,mae,r2
glucose_g_l,17,0.027007015294774228,0.38979725913111524,0.9732772706759216
biomass_g_l,501,0.044565421736367454,0.3981965482234955,0.8993712663650513
DO_percent,501,0.03831198476003455,4.170428276062012,0.0
pH,501,0.03376541054747674,0.04267352446913719,0.0
