observable,n,nrmse,mae,r2
glucose_g_l,17,0.02538715776753654,0.36129634557385004,0.9733027971010703
biomass_g_l,500,0.04300406533304944,0.3608893156051636,0.9396698474884033
DO_percent,500,0.02544082106065925,2.8432180881500244,0.7662976980209351
pH,500,0.028069680811126964,0.044448371976614,0.0
