observable,n,nrmse,mae,r2
glucose_g_l,17,0.02755943403043367,0.39837106339066203,0.9721728825556305
biomass_g_l,501,0.04305501040307258,0.379547119140625,0.9060766696929932
DO_percent,501,0.039909547877811286,4.4969162940979,0.0
pH,501,0.03407758185062565,0.04328160732984543,0.0
