observable,n,nrmse,mae,r2
glucose_g_l,17,0.02589750498435959,0.37217432456012983,0.9722186434095454
biomass_g_l,500,0.045015540418272354,0.38100704550743103,0.9338940382003784
DO_percent,500,0.025856157116173503,2.8720614910125732,0.7586047649383545
pH,500,0.028389234335913095,0.044514648616313934,0.0
