observable,n,nrmse,mae,r2
glucose_g_l,17,0.0216076401333595,0.25299121275589204,0.9808597721510103
biomass_g_l,501,0.06102380853592063,0.5648187398910522,0.8160610198974609
DO_percent,501,0.020176908699354568,1.603424310684204,0.0
pH,501,0.037658152171735834,0.06658907234668732,0.0
