observable,n,nrmse,mae,r2
glucose_g_l,18,0.03521278157998273,0.36114485236190336,0.9005136551079107
biomass_g_l,409,0.04336639499720307,0.2982994318008423,0.8565195798873901
DO_percent,450,0.08952962022588419,10.855340003967285,0.6524052023887634
pH,450,0.03600703191086635,0.07212977856397629,0.0
