{
  "mu_max": 5.432928810478188e-05,
  "Ksubs": 0.9159438014030457,
  "KLaO2": 1.9979788064956665,
  "KLaCO2": 92.36492156982422
}