{
  "data": {
    "processed_csv": "data/processed/ambr_preprocessed.csv",
    "split_strategy": "independent_temporal_forecasting",
    "experiment_ids": [
      "AMBR1_14",
      "AMBR1_15",
      "AMBR1_16",
      "AMBR1_17",
      "AMBR1_18",
      "AMBR1_21",
      "AMBR1_22",
      "AMBR1_23",
      "AMBR1_24",
      "AMBR2_5",
      "AMBR2_6",
      "AMBR2_7",
      "AMBR2_8",
      "AMBR2_9",
      "AMBR2_10",
      "AMBR2_13",
      "AMBR2_14",
      "AMBR2_15",
      "AMBR2_16",
      "AMBR2_19",
      "AMBR2_20",
      "AMBR2_21"
    ],
    "observation_fraction": 0.7,
    "cutoff_time_min": {
      "AMBR1_14": 1750.0000000000011,
      "AMBR1_15": 1750.0000000000011,
      "AMBR1_16": 1750.0000000000011,
      "AMBR1_17": 1750.0000000000011,
      "AMBR1_18": 1746.4999999999986,
      "AMBR1_21": 1746.4999999999986,
      "AMBR1_22": 1743.0,
      "AMBR1_23": 1743.0,
      "AMBR1_24": 1743.0,
      "AMBR2_10": 1575.0,
      "AMBR2_13": 1571.5000000000011,
      "AMBR2_14": 1571.5000000000011,
      "AMBR2_15": 1567.9999999999986,
      "AMBR2_16": 1567.9999999999986,
      "AMBR2_19": 1564.5,
      "AMBR2_20": 1564.5,
      "AMBR2_21": 1564.5,
      "AMBR2_5": 1578.4999999999986,
      "AMBR2_6": 1578.4999999999986,
      "AMBR2_7": 1578.4999999999986,
      "AMBR2_8": 1575.0,
      "AMBR2_9": 1575.0
    },
    "prediction_mode": "direct_pinn"
  },
  "model": {
    "n_neurons": 20,
    "n_hidden_layers": 7,
    "trainable_parameters": [
      "mu_max",
      "Ksubs",
      "KLaO2",
      "KLaCO2"
    ]
  },
  "training": {
    "seed": 42,
    "num_epochs": 10000,
    "learning_rate": 0.0001,
    "use_auxiliary_loss": true,
    "use_regularization_loss": false,
    "use_softadapt": true,
    "use_early_stopping": false,
    "early_stopping_patience": 1000,
    "early_stopping_min_delta": 0.0001,
    "restore_best_weights": true,
    "track_epoch_r2": true,
    "save_config": true,
    "save_checkpoint": true
  },
  "loss_weights": {
    "data_loss_weight": 1.0,
    "residual_loss_weight": 1.0,
    "auxiliary_loss_weight": 1.0,
    "regularization_loss_weight": 1.0,
    "obs_fit_weights": [
      1.0,
      1.0,
      0.1,
      0.1
    ],
    "aux_fit_weights": [
      1.0,
      1.0,
      1.0,
      1.0,
      1.0,
      1.0,
      1.0,
      1.0,
      1.0,
      1.0,
      1.0,
      1.0,
      1.0,
      1.0,
      1.0,
      1.0,
      1.0,
      1.0,
      1.0,
      1.0,
      1.0,
      1.0
    ],
    "res_eq_weights": [
      1e-15,
      1e-15,
      1e-15,
      1e-15,
      1e-15,
      1e-15,
      1e-15,
      1e-15,
      1e-15,
      1e-15,
      1e-15,
      1e-15,
      1e-15,
      1e-15,
      1e-15,
      1e-15,
      1e-15,
      1e-15,
      1e-15,
      1e-15,
      1e-15,
      1e-15
    ],
    "reg_eq_weights": [
      1e-06,
      1e-06,
      1e-06,
      1e-06,
      1e-06,
      1e-06,
      1e-06,
      1e-06,
      1e-06,
      1e-06,
      1e-06,
      1e-06,
      1e-06,
      1e-06,
      1e-06,
      1e-06,
      1e-06,
      1e-06,
      1e-06,
      1e-06,
      1e-06,
      1e-06
    ]
  },
  "output": {
    "results_dir": "results/FCT/seed_42",
    "experiment_name": "fraction_70"
  }
}
