observable,n,nrmse,mae,r2
glucose_g_l,16,0.23577901456022662,3.2770843354736976,0.0
biomass_g_l,360,9.30356015955183,26.702113162322743,0.0
DO_percent,360,0.6343903988248377,64.31741845556874,0.0
pH,360,0.3152346134137698,0.6244802440621473,0.0
