observable,n,nrmse,mae,r2
glucose_g_l,277,0.2384712653720103,3.345586556101438,0.0
biomass_g_l,360,9.30356015955183,26.702113162322743,0.0
DO_percent,360,0.6343903988248377,64.31741845556874,0.0
pH,360,0.3152346134137698,0.6244802440621473,0.0
