{
  "mu_max": 0.004567946307361126,
  "Ksubs": 0.010439805686473846,
  "KLaO2": 1.9999457597732544,
  "KLaCO2": 10.047412872314453
}