observable,n,nrmse,mae,r2
glucose_g_l,434,6.451415566961954,85.36623392524079,0.0
biomass_g_l,450,2.566730044708704,1.4999410634341332,0.0
DO_percent,450,0.024105580119484795,1.086504600023714,0.0
pH,450,0.15631327847770318,0.2896897101815587,0.0
