observable,n,nrmse,mae,r2
glucose_g_l,10,0.011248841073216567,0.10229089248364757,0.0
biomass_g_l,300,0.1896061957508434,1.2711417555828484,0.0
DO_percent,300,0.10065234199568053,16.348555982581175,0.0
pH,300,0.14392934387740852,0.24540723810116247,0.0
