observable,n,nrmse,mae,r2
glucose_g_l,286,0.010129423775964371,0.08642178648632141,0.4171139805606877
biomass_g_l,300,0.1896061957508434,1.2711417555828484,0.0
DO_percent,300,0.10065234199568053,16.348555982581175,0.0
pH,300,0.14392934387740852,0.24540723810116247,0.0
