observable,n,nrmse,mae,r2
glucose_g_l,323,5.537050282031805,73.93793616557143,0.0
biomass_g_l,393,3.823684690803216,2.3546364875912835,0.0
DO_percent,403,0.6598498121692066,45.46244957136578,0.0
pH,403,0.5340352600017632,1.0492060874230618,0.0
