observable,n,nrmse,mae,r2
glucose_g_l,8,0.000713240327205001,0.007892818685213531,0.0
biomass_g_l,225,0.09746012772665368,0.8619773611345687,0.0
DO_percent,225,0.083406480979034,12.73306439264695,0.0
pH,225,0.0512620133462093,0.08991551319029298,0.0
