{
  "mu_max": 0.00539969839155674,
  "Ksubs": 0.008947454392910004,
  "KLaO2": 1.9999457597732544,
  "KLaCO2": 10.029829025268555
}