observable,n,nrmse,mae,r2
glucose_g_l,55,0.00037990924397855323,0.00706751632334829,
biomass_g_l,135,0.01843800732043572,0.16712065863697334,0.2992668937100452
DO_percent,135,0.14077385689138247,21.33101632786213,0.0
pH,135,0.14246465028559532,0.29985094797135037,0.0
