observable,n,nrmse,mae,r2
glucose_g_l,4,0.00042026914666800714,0.00747704715467985,
biomass_g_l,135,0.01843800732043572,0.16712065863697334,0.2992668937100452
DO_percent,135,0.14077385689138247,21.33101632786213,0.0
pH,135,0.14246465028559532,0.29985094797135037,0.0
