observable,n,nrmse,mae,r2
glucose_g_l,435,6.275327837222608,82.41581865095607,0.0
biomass_g_l,450,1.9218656430976535,1.1763724556799928,0.4128622208319723
DO_percent,450,0.01664100247492157,0.6457510845066514,0.0
pH,450,0.16100687775916964,0.2710283873884569,0.0
