observable,n,nrmse,mae,r2
glucose_g_l,8,0.0009700993357589666,0.007307279619823237,
biomass_g_l,250,0.16774998753710713,1.4898950412052427,0.0
DO_percent,250,0.11005999628152428,19.471303965284637,0.0
pH,250,0.06885434548312473,0.13450607046486232,0.0
