observable,n,nrmse,mae,r2
glucose_g_l,236,0.0016830312824925558,0.012243551367699404,
biomass_g_l,250,0.16774998753710713,1.4898950412052427,0.0
DO_percent,250,0.11005999628152428,19.471303965284637,0.0
pH,250,0.06885434548312473,0.13450607046486232,0.0
