observable,n,nrmse,mae,r2
glucose_g_l,135,0.0037395150924659512,0.059252378013398874,
biomass_g_l,150,0.024025743188901178,0.21982752031613453,0.0
DO_percent,150,0.006054116345034785,0.7872214567088685,0.0
pH,150,0.16613711517525256,0.3527339172550188,0.0
