observable,n,nrmse,mae,r2
glucose_g_l,187,0.0011466457248466319,0.016630042063153227,0.42891011296593085
biomass_g_l,271,0.027281984920393538,0.18084468557361172,0.0
DO_percent,271,0.0002841720497226395,0.03548567523789186,0.0
pH,271,0.01735227655112481,0.02974963328428871,0.0
