observable,n,nrmse,mae,r2
glucose_g_l,11,0.0011783293879418203,0.016658656654710117,0.5583492629601843
biomass_g_l,271,0.027281984920393538,0.18084468557361172,0.0
DO_percent,271,0.0002841720497226395,0.03548567523789186,0.0
pH,271,0.01735227655112481,0.02974963328428871,0.0
