observable,n,nrmse,mae,r2
glucose_g_l,184,0.0008743334995434369,0.010963115637581592,
biomass_g_l,200,0.07485421838461653,0.742367840628545,0.0
DO_percent,200,0.15747371804848748,27.45146548470344,0.0
pH,200,0.06530282215462885,0.12345829064762476,0.0
