{
  "mu_max": 0.0049901255406439304,
  "Ksubs": 0.009625755250453949,
  "KLaO2": 1.9999457597732544,
  "KLaCO2": 10.03012752532959
}