{
  "mu_max": 0.004985834006220102,
  "Ksubs": 0.009646318852901459,
  "KLaO2": 1.9999457597732544,
  "KLaCO2": 10.030425071716309
}