observable,n,nrmse,mae,r2
glucose_g_l,10,0.020236945583117696,0.182913019915577,
biomass_g_l,301,0.24912270439658513,1.9179676208772256,0.0
DO_percent,301,0.009353715000139179,1.0186614241634837,0.0
pH,301,0.07884018695629276,0.14780513187998434,0.0
