observable,n,nrmse,mae,r2
glucose_g_l,13,0.05658943085243714,0.5884662369348314,0.0
biomass_g_l,313,0.3105236978129709,1.6966652677181007,0.0
DO_percent,313,0.4419945623116095,67.65974535434096,0.0
pH,313,0.27771749253401046,0.48932695365548773,0.0
