observable,n,nrmse,mae,r2
glucose_g_l,323,5.80487990369327,77.7587182858094,0.0
biomass_g_l,404,2.9244486946619617,1.8272564816519343,0.0
DO_percent,404,0.8569792993648082,63.13546181550434,0.0
pH,404,0.1599802188536557,0.3045992041463554,0.0
