observable,n,nrmse,mae,r2
glucose_g_l,18,0.03737650997276429,0.43062349539348727,0.8879116946835647
biomass_g_l,409,0.04915360156605893,0.34348174929618835,0.8156697750091553
DO_percent,450,0.10691290885032946,12.67906665802002,0.5043214559555054
pH,450,0.061169812065614275,0.1231059655547142,0.0
