observable,n,nrmse,mae,r2
glucose_g_l,17,0.019918807660289927,0.28428223608480513,0.985463685587974
biomass_g_l,501,0.03415435916036552,0.3117901384830475,0.9408957958221436
DO_percent,501,0.024959301285762785,2.154421806335449,0.0
pH,501,0.025056328879743475,0.03689247742295265,0.0
