observable,n,nrmse,mae,r2
glucose_g_l,359,0.036806468073648034,0.4565762256378702,0.9675542031610048
biomass_g_l,9164,0.05917253960281416,0.4788445234298706,0.9227961301803589
DO_percent,9401,0.07937351219814939,7.947432518005371,0.811150074005127
pH,9401,0.05754111674438409,0.09084273874759674,0.9536573886871338
