{
  "mu_max": 0.00497215474024415,
  "Ksubs": 0.009696535766124725,
  "KLaO2": 1.9999457597732544,
  "KLaCO2": 10.0292329788208
}