{
  "mu_max": 0.00502633536234498,
  "Ksubs": 0.009529642760753632,
  "KLaO2": 1.9999457597732544,
  "KLaCO2": 10.029829025268555
}