{
  "mu_max": 0.005035723093897104,
  "Ksubs": 0.00955914705991745,
  "KLaO2": 1.9999457597732544,
  "KLaCO2": 10.030723571777344
}