{
  "mu_max": 0.005040551070123911,
  "Ksubs": 0.009541712701320648,
  "KLaO2": 1.9999457597732544,
  "KLaCO2": 10.0292329788208
}