observable,n,nrmse,mae,r2
glucose_g_l,285,0.05019436157131154,0.6302029816254819,0.8093270626381407
biomass_g_l,300,0.15138760082338468,1.1556932675481446,0.0
DO_percent,300,0.008804924989716766,0.8188349312430637,0.0
pH,300,0.18618416694177206,0.3825057092819625,0.0
