observable,n,nrmse,mae,r2
glucose_g_l,234,0.038835908199298455,0.5368039938206336,0.03694855366781247
biomass_g_l,250,0.3199551106471394,3.0325190417494112,0.0
DO_percent,250,0.004881134845661252,0.45380686468583437,0.0
pH,250,0.06527847765516649,0.10047262893705391,0.0
