observable,n,nrmse,mae,r2
glucose_g_l,12,0.0012079626240715827,0.01311205816130191,0.0
biomass_g_l,314,0.3423347767412222,1.8858342730614333,0.0
DO_percent,314,0.5003010796995951,88.97355763455955,0.0
pH,314,0.5632326191349402,1.043047888303428,0.0
