observable,n,nrmse,mae,r2
glucose_g_l,8,0.0006756383429351934,0.005464652951332002,
biomass_g_l,250,0.15233467451103175,1.44919414137461,0.0
DO_percent,250,0.08343530685245196,10.943306986312187,0.0
pH,250,0.08788388644839942,0.18420938740546905,0.0
