observable,n,nrmse,mae,r2
glucose_g_l,6,0.000566882016396475,0.009293426914761434,
biomass_g_l,181,0.2973626606522752,2.7355685775470415,0.0
DO_percent,181,0.23944205019370152,38.921304334715416,0.0
pH,181,0.15225752026139905,0.3011348615965761,0.0
