observable,n,nrmse,mae,r2
glucose_g_l,233,0.08983685469548026,1.195669749190658,0.12032255568293726
biomass_g_l,313,0.19392753224809325,1.1572753293881024,0.0
DO_percent,313,0.3871145621465984,53.06490277926249,0.0
pH,313,0.22087572736457134,0.36303170363482923,0.0
