observable,n,nrmse,mae,r2
glucose_g_l,1,0.00035632816407455363,0.00732610700652,
biomass_g_l,90,0.02275334717491044,0.19938609894054896,0.0
DO_percent,90,0.07374205996501199,12.969857859330014,0.0
pH,90,0.009278298442066088,0.016883091027143502,0.0
