observable,n,nrmse,mae,r2
glucose_g_l,7,0.0003132171347341172,0.005562718784702685,0.06691811518279978
biomass_g_l,90,0.02275334717491044,0.19938609894054896,0.0
DO_percent,90,0.07374205996501199,12.969857859330014,0.0
pH,90,0.009278298442066088,0.016883091027143502,0.0
