observable,n,nrmse,mae,r2
glucose_g_l,323,5.650515122149566,75.56172273611574,0.0
biomass_g_l,392,3.3499478531282016,2.102677076241406,0.0
DO_percent,403,0.7206008495567892,50.83324003935785,0.0
pH,403,0.5421046344071973,1.0640661484120146,0.0
