observable,n,nrmse,mae,r2
glucose_g_l,18,0.0401416428459166,0.5233588499498769,0.9394575153486786
biomass_g_l,430,0.05893696016293955,0.5017818212509155,0.837647020816803
DO_percent,449,0.08158889744478395,10.9080171585083,0.8259719014167786
pH,449,0.07285675397392402,0.15223801136016846,0.0
