observable,n,nrmse,mae,r2
glucose_g_l,17,0.05199142301952313,0.7455721127484052,0.9025401694511238
biomass_g_l,501,0.11927439162154711,1.0855379104614258,0.46854108572006226
DO_percent,501,0.021395624085166196,2.100423574447632,0.0
pH,501,0.06709798656282315,0.13711611926555634,0.0
