observable,n,nrmse,mae,r2
glucose_g_l,17,0.06121512401610164,0.8810135662475358,0.8648924214133382
biomass_g_l,501,0.11657787399141573,1.0811313390731812,0.49229955673217773
DO_percent,501,0.03257771405318189,2.8681576251983643,0.0
pH,501,0.06060382925737321,0.11576618999242783,0.0
