observable,n,nrmse,mae,r2
glucose_g_l,359,0.02832591459267782,0.3374363963055344,0.980533877960029
biomass_g_l,9143,0.04712777197375,0.39119866490364075,0.9507284760475159
DO_percent,9402,0.058773675902565346,5.756559371948242,0.8940225839614868
pH,9402,0.05722640029641175,0.08424678444862366,0.9523897767066956
