observable,n,nrmse,mae,r2
glucose_g_l,278,0.1670070528295757,2.5614019547814966,0.0
biomass_g_l,358,7.7309695352884455,21.92107441332764,0.0
DO_percent,358,0.6584595719333816,56.13242133273234,0.0
pH,358,0.24541765719033848,0.4757676556487515,0.0
