{
  "mu_max": 0.004782790783792734,
  "Ksubs": 0.010034047067165375,
  "KLaO2": 1.9999457597732544,
  "KLaCO2": 10.04294204711914
}