observable,n,nrmse,mae,r2
glucose_g_l,18,0.03209730223363129,0.3740905022941792,0.9637688585629257
biomass_g_l,444,0.06374979091080524,0.5901796221733093,0.8286011815071106
DO_percent,449,0.14542602841726188,13.830594062805176,0.42542213201522827
pH,449,0.01843351688750402,0.03115195594727993,0.35280168056488037
