observable,n,nrmse,mae,r2
glucose_g_l,18,0.07468738438680378,0.949051288453818,0.5193168088577295
biomass_g_l,426,0.05294784326061257,0.4066813886165619,0.8668453693389893
DO_percent,450,0.1804659814576633,20.315032958984375,0.0
pH,450,0.09922850611537276,0.20289038121700287,0.0
