{
  "mu_max": 0.005043769720941782,
  "Ksubs": 0.009536199271678925,
  "KLaO2": 1.9999457597732544,
  "KLaCO2": 10.028935432434082
}