observable,n,nrmse,mae,r2
glucose_g_l,13,0.12299286327890017,1.3743763941798646,0.08061742466412747
biomass_g_l,315,0.34310840050192837,2.059321801346535,0.0
DO_percent,315,0.34887286957856783,52.2005424561815,0.0
pH,315,0.40528862730133314,0.7004788428268028,0.0
