observable,n,nrmse,mae,r2
glucose_g_l,16,7.151668042545317,94.63936416902172,0.0
biomass_g_l,449,3.713380612874614,2.3394784906768726,0.0
DO_percent,449,0.5504564411426883,35.01967579912174,0.0
pH,449,0.6180423560113036,1.1809463148419894,0.0
