observable,n,nrmse,mae,r2
glucose_g_l,84,6.75601268879536e-05,0.0011568974639105665,
biomass_g_l,100,0.018493981043079373,0.18580243961531626,0.0
DO_percent,100,0.008555137918060467,1.4304224406361652,0.0
pH,100,0.006686397482350038,0.013027734356860972,0.0
