observable,n,nrmse,mae,r2
glucose_g_l,5,5.5507608430857944e-05,0.0009060272539499599,
biomass_g_l,100,0.018493981043079373,0.18580243961531626,0.0
DO_percent,100,0.008555137918060467,1.4304224406361652,0.0
pH,100,0.006686397482350038,0.013027734356860972,0.0
