observable,n,nrmse,mae,r2
glucose_g_l,14,0.337403592775865,4.888769981868809,0.0
biomass_g_l,360,3.6091419366181277,10.223487140112974,0.0
DO_percent,360,0.5398629484505961,46.359177417181215,0.0
pH,360,0.025417042347418598,0.043023869335594885,0.0
