observable,n,nrmse,mae,r2
glucose_g_l,277,0.33234195549124496,4.710765230383918,0.0
biomass_g_l,360,3.9594358007853754,11.430544867616803,0.0
DO_percent,360,0.5364098383860579,46.09113818016744,0.0
pH,360,0.026836494188370735,0.04665098005170383,0.0
