observable,n,nrmse,mae,r2
glucose_g_l,232,0.0020506276528613277,0.0299254037837183,0.0
biomass_g_l,316,0.21368235427335686,1.220281197381024,0.0
DO_percent,316,0.0045052575573655785,0.1639353825002608,0.0
pH,316,0.5880090022170625,1.0848729219438662,0.0
