observable,n,nrmse,mae,r2
glucose_g_l,278,0.23894040664485988,3.3651181963115144,0.0
biomass_g_l,359,8.92148764564836,25.12843773620846,0.0
DO_percent,359,0.7665196890249368,78.55186092670867,0.0
pH,359,0.3093280628977308,0.6096531123880765,0.0
