observable,n,nrmse,mae,r2
glucose_g_l,142,0.013151984654181534,0.19862586645138647,0.0
biomass_g_l,225,0.12779476865008627,1.131719190119392,0.0
DO_percent,225,0.24265939675487905,40.79095979291606,0.0
pH,225,0.07657047463199353,0.15898626697941473,0.0
