observable,n,nrmse,mae,r2
glucose_g_l,142,2.0688551008484593e-06,1.920793893216414e-05,
biomass_g_l,226,0.24304064890657637,2.3000427791742846,0.0
DO_percent,226,0.1081343658285462,11.380444211711787,0.0
pH,226,0.0743627223756878,0.15503402594064938,0.0
