observable,n,nrmse,mae,r2
glucose_g_l,7,0.017188121708918442,0.13510178175842266,0.0
biomass_g_l,200,0.02933665088990387,0.2827107056746911,0.0
DO_percent,200,0.2981938085612345,46.58268199094418,0.0
pH,200,0.034752450983540614,0.06629973297636639,0.0
