observable,n,nrmse,mae,r2
glucose_g_l,6,0.00011040551349651619,0.0016794141023031334,
biomass_g_l,150,0.018249188756292885,0.17078937516608084,0.0
DO_percent,150,0.11125125564606014,19.573480895674276,0.0
pH,150,0.03662146355059628,0.07561877808255513,0.0
