observable,n,nrmse,mae,r2
glucose_g_l,136,0.00024211611215530098,0.0035864255131694317,
biomass_g_l,150,0.018249188756292885,0.17078937516608084,0.0
DO_percent,150,0.11125125564606014,19.573480895674276,0.0
pH,150,0.03662146355059628,0.07561877808255513,0.0
