observable,n,rmse,mae,r2
glucose_mol_l,4,1.7062160754846808e-07,1.059161363059502e-07,
biomass_g_l,84,0.13790461007324606,0.11133171617984772,0.9902001619338989
O2_l_mol,84,1.7815792511692923e-06,8.756304623602773e-07,0.9834574460983276
pH,84,0.009291360252163351,0.006242763251066208,0.9644618630409241
