observable,n,nrmse,mae,r2
glucose_g_l,436,6.947224997209822,92.65150302895566,0.0
biomass_g_l,449,2.437239491637775,1.409173925965536,0.0
DO_percent,449,0.7578215713993776,50.7385695151912,0.0
pH,449,0.6046424202768238,1.1530845505107108,0.0
