observable,n,nrmse,mae,r2
glucose_g_l,53,0.0010010061736097898,0.012117988578097037,0.0
biomass_g_l,135,0.08000189457816781,0.7731766178527489,0.0
DO_percent,135,0.06188392485097402,10.049621955471395,0.0
pH,135,0.037632588374227366,0.07448371684744265,0.0
