observable,n,nrmse,mae,r2
glucose_g_l,234,0.0006231668899693616,0.00481465549500058,
biomass_g_l,250,0.0934379350737125,0.8343771485521797,0.0
DO_percent,250,0.005806858832056667,0.7231959986037061,0.0
pH,250,0.10699171655940504,0.2271787811516734,0.0
