observable,n,nrmse,mae,r2
glucose_g_l,11,0.03628371210280136,0.5495816310427407,0.6288424006267579
biomass_g_l,270,0.15039509406782592,1.1321154712304995,0.0
DO_percent,270,0.37681821589185704,60.79234416737861,0.0
pH,270,0.02585252051482337,0.04426207162246288,0.0
