observable,n,nrmse,mae,r2
glucose_g_l,19,0.034848004034787154,0.45801440057615767,0.9551535083841415
biomass_g_l,416,0.05466351496764925,0.4412352442741394,0.8630806803703308
DO_percent,452,0.08387405936550608,10.032575607299805,0.749931812286377
pH,452,0.03189433700276188,0.057465020567178726,0.0
