observable,n,nrmse,mae,r2
glucose_g_l,17,0.01675490395563749,0.20279458330659453,0.9884915638577495
biomass_g_l,501,0.04909017876018953,0.45200034976005554,0.8809678554534912
DO_percent,501,0.03005879459180444,3.534539222717285,0.0
pH,501,0.04750972166784552,0.09036604315042496,0.0
