observable,n,nrmse,mae,r2
glucose_g_l,16,0.25467691448393814,3.658186135076119,0.0
biomass_g_l,361,8.60249106145521,24.662508272267516,0.0
DO_percent,361,0.03609975492748678,0.769005332133965,0.0
pH,361,0.3653256382135064,0.7381380034147854,0.0
