observable,n,nrmse,mae,r2
glucose_g_l,9,0.0011332239085986673,0.022890853444244394,0.0
biomass_g_l,90,0.04963039116174857,0.5132072112598882,0.0
DO_percent,90,0.015048576630739736,2.2943060011170933,0.0
pH,90,0.02981012953225986,0.06330452604679312,0.0
