observable,n,nrmse,mae,r2
glucose_g_l,7,0.0004180682504895516,0.004097768088935686,
biomass_g_l,200,0.029127891205186135,0.26540090208660283,0.0
DO_percent,200,0.16180522918860982,28.690359524981577,0.0
pH,200,0.09001583647921248,0.17661597523789965,0.0
