observable,n,nrmse,mae,r2
glucose_g_l,10,0.00011565894148772267,0.0020539271192005115,0.0
biomass_g_l,90,0.014271479295810558,0.13065791014927466,0.2939681444381975
DO_percent,90,0.07951630204214366,13.926666423629058,0.0
pH,90,0.17673736773571017,0.37532007234540005,0.0
