{
  "mu_max": 0.0049901255406439304,
  "Ksubs": 0.009626351296901703,
  "KLaO2": 1.9999457597732544,
  "KLaCO2": 10.030723571777344
}