{
  "mu_max": 0.0049069770611822605,
  "Ksubs": 0.007309072185307741,
  "KLaO2": 1.9999457597732544,
  "KLaCO2": 10.052181243896484
}