observable,n,nrmse,mae,r2
glucose_g_l,84,9.163955596186122e-05,0.0014964993540723735,
biomass_g_l,100,0.017800859084364,0.15591747801919809,0.0
DO_percent,100,0.03799591132331417,6.686649474981083,0.0
pH,100,0.026938689553212103,0.05408258908463253,0.0
