observable,n,nrmse,mae,r2
glucose_g_l,5,7.34975140593924e-05,0.0011347217718139001,
biomass_g_l,100,0.017800859084364,0.15591747801919809,0.0
DO_percent,100,0.03799591132331417,6.686649474981083,0.0
pH,100,0.026938689553212103,0.05408258908463253,0.0
