observable,n,nrmse,mae,r2
glucose_g_l,17,0.015739051026666513,0.220777924855168,0.990924204142769
biomass_g_l,501,0.03874570852236574,0.37106096744537354,0.9239518642425537
DO_percent,501,0.023918134747356455,2.0186944007873535,0.0
pH,501,0.035511139508766346,0.05754450336098671,0.0
