observable,n,nrmse,mae,r2
glucose_g_l,17,0.015044083575871723,0.21104047813245652,0.9917080035630055
biomass_g_l,501,0.04065476674058304,0.3910166025161743,0.9162732362747192
DO_percent,501,0.018556942708401015,1.618510127067566,0.0
pH,501,0.029370068022454513,0.04149974137544632,0.0
