observable,n,nrmse,mae,r2
glucose_g_l,17,0.01574058361292342,0.21831219679540517,0.9899007542365336
biomass_g_l,499,0.04389748738075025,0.39684250950813293,0.938605546951294
DO_percent,499,0.0632711115257685,7.0714006423950195,0.6065027713775635
pH,499,0.02368603685647803,0.03957254812121391,0.0
