observable,n,nrmse,mae,r2
glucose_g_l,19,0.047973497472642464,0.5882200878383926,0.9236462225926038
biomass_g_l,451,0.14633460884348368,1.4046344757080078,0.4420779347419739
DO_percent,452,0.030942962807273877,2.6058881282806396,0.0
pH,452,0.034231463280595266,0.0667022168636322,0.0
