{
  "mu_max": 0.005049670580774546,
  "Ksubs": 0.009539328515529633,
  "KLaO2": 1.9999457597732544,
  "KLaCO2": 10.028935432434082
}