{
  "mu_max": 0.004996294621378183,
  "Ksubs": 0.009624414145946503,
  "KLaO2": 1.9999457597732544,
  "KLaCO2": 10.030723571777344
}