{
  "mu_max": 0.0050005861558020115,
  "Ksubs": 0.009609214961528778,
  "KLaO2": 1.9999457597732544,
  "KLaCO2": 10.0292329788208
}