observable,n,nrmse,mae,r2
glucose_g_l,10,0.003297175732706978,0.02972578359126384,0.9285320073500053
biomass_g_l,299,0.224867579264385,1.4580212218797017,0.0
DO_percent,299,0.1990114689078214,32.52620605992961,0.0
pH,299,0.1334426341999328,0.2258652487778931,0.0
