observable,n,nrmse,mae,r2
glucose_g_l,286,0.0029008197766992585,0.022592818963274832,0.9742644506229531
biomass_g_l,299,0.224867579264385,1.4580212218797017,0.0
DO_percent,299,0.1990114689078214,32.52620605992961,0.0
pH,299,0.1334426341999328,0.2258652487778931,0.0
