observable,n,nrmse,mae,r2
glucose_g_l,322,5.540652320650455,73.08418726432976,0.0
biomass_g_l,405,9.189688242258796,5.935316709196961,0.0
DO_percent,405,0.6880593403142743,42.023817505568985,0.0
pH,405,0.07217953881350653,0.121741973475637,0.0
