{
  "mu_max": 0.005074615124613047,
  "Ksubs": 0.009419076144695282,
  "KLaO2": 1.9999457597732544,
  "KLaCO2": 10.0292329788208
}