{
  "mu_max": 0.0050703235901892185,
  "Ksubs": 0.009436063468456268,
  "KLaO2": 1.9999457597732544,
  "KLaCO2": 10.030723571777344
}