observable,n,nrmse,mae,r2
glucose_g_l,1,0.00012111039329876191,0.002490029670298,
biomass_g_l,90,0.026438362447657737,0.26364128681030347,0.0
DO_percent,90,0.08386835666743177,14.545784655382507,0.0
pH,90,0.10460217180785077,0.22142402129232328,0.0
