observable,n,nrmse,mae,r2
glucose_g_l,5,3.0763590657275027e-05,0.0004926352150504999,
biomass_g_l,100,0.044197810863310975,0.45008723311822235,0.0
DO_percent,100,0.020949824352294515,3.187247577263544,0.0
pH,100,0.03067068465158005,0.06281249988091844,0.0
