observable,n,nrmse,mae,r2
glucose_g_l,188,0.002077794552269741,0.0260390999464332,0.0
biomass_g_l,269,0.45822805503229486,3.4902293464726846,0.0
DO_percent,269,0.5131004809998109,91.89770731763714,0.0
pH,269,0.14777996958989192,0.2855146156404357,0.0
