observable,n,rmse,mae,r2
glucose_mol_l,4,1.069110937223482e-05,5.525949745788239e-06,
biomass_g_l,84,0.10619066559135276,0.07483725249767303,0.9835203886032104
O2_l_mol,84,3.3482122936590873e-06,1.3201303090681904e-06,0.9419567584991455
pH,84,0.013222304220457963,0.008830859325826168,0.9215925931930542
