observable,n,nrmse,mae,r2
glucose_g_l,336,0.038482692238543996,0.3382253365795542,0.3745868575906133
biomass_g_l,349,0.43591697972177496,2.51395167143583,0.0
DO_percent,349,0.3833840934268976,60.438819950308535,0.0
pH,349,0.23687401546980646,0.4334949636428917,0.0
