observable,n,nrmse,mae,r2
glucose_g_l,13,0.04777378822419019,0.47518920725885755,0.0
biomass_g_l,349,0.43591697972177496,2.51395167143583,0.0
DO_percent,349,0.3833840934268976,60.438819950308535,0.0
pH,349,0.23687401546980646,0.4334949636428917,0.0
