observable,n,nrmse,mae,r2
glucose_g_l,277,0.2910792440249582,4.36281088925974,0.0
biomass_g_l,361,6.907929727378144,19.388232697837715,0.0
DO_percent,361,0.04354446316121012,0.7732376060173323,0.0
pH,361,0.07526488933408303,0.1407252361968831,0.0
