observable,n,nrmse,mae,r2
glucose_g_l,10,0.012922898859483167,0.11727194366945923,0.0
biomass_g_l,301,0.22220157530795623,1.6563075790479787,0.0
DO_percent,301,0.009185157818204566,0.8536269940787835,0.0
pH,301,0.10118839612965673,0.1751825372716873,0.0
