{
  "mu_max": 0.004955256823450327,
  "Ksubs": 0.009641401469707489,
  "KLaO2": 1.9999457597732544,
  "KLaCO2": 10.034001350402832
}