observable,n,nrmse,mae,r2
glucose_g_l,84,6.361685657034567e-05,0.0010700359932905908,
biomass_g_l,100,0.05308820756620917,0.553372039482025,0.0
DO_percent,100,0.012736285649206371,1.8022765578011075,0.0
pH,100,0.03117719379329009,0.06351990468984664,0.0
