observable,n,nrmse,mae,r2
glucose_g_l,11,0.0008687973205102539,0.0060695907788910755,0.0
biomass_g_l,271,0.42773768186118205,3.2864977086854976,0.0
DO_percent,271,0.0003209463986716005,0.03788681726452687,0.0
pH,271,0.15795966321588778,0.31150056684459926,0.0
