observable,n,nrmse,mae,r2
glucose_g_l,434,6.562315632393338,87.25569374518017,0.0
biomass_g_l,450,2.487601069014497,1.5767931410801561,0.0
DO_percent,450,0.011948651631188368,0.5719092492894879,0.0
pH,450,0.8587992270007595,1.669499572269958,0.0
