observable,n,nrmse,mae,r2
glucose_g_l,323,5.857546093982475,78.77865454252867,0.0
biomass_g_l,395,3.5402720992451453,2.2976465562422352,0.0
DO_percent,405,0.866462582874227,65.34416482304134,0.0
pH,405,0.6482028418587265,1.272905847431135,0.0
