observable,n,nrmse,mae,r2
glucose_g_l,16,6.94806112082526,91.81690757412696,0.0
biomass_g_l,450,1.965148718087285,1.1428234295495927,0.0
DO_percent,450,0.023736727155709385,0.9967433289999653,0.0
pH,450,0.6223277963982882,1.1994441641539348,0.0
