{
  "mu_max": 0.005296165123581886,
  "Ksubs": 0.006045900750905275,
  "KLaO2": 1.9999457597732544,
  "KLaCO2": 10.075128555297852
}