observable,n,nrmse,mae,r2
glucose_g_l,10,0.0006423718001500034,0.0060077571586823215,0.9498288828446562
biomass_g_l,299,0.21031802513895742,1.4774577785141447,0.0
DO_percent,299,0.4141987141693251,70.47048525481704,0.0
pH,299,0.12743020621944812,0.21644377462386466,0.0
