observable,n,nrmse,mae,r2
glucose_g_l,15,0.19835303461876636,3.0247237916427823,0.0
biomass_g_l,400,9.269314402177754,26.0370191525692,0.0
DO_percent,400,0.019389515275696604,1.0960251850268912,0.0
pH,400,0.13494496227560088,0.25854066734819964,0.0
