observable,n,nrmse,mae,r2
glucose_g_l,7,0.0007991920889859023,0.008181215105910872,
biomass_g_l,200,0.05312268907138014,0.5396294793247806,0.0
DO_percent,200,0.03567803742811769,3.998907431802976,0.0
pH,200,0.10449428720633261,0.2118545955837668,0.0
