observable,n,nrmse,mae,r2
glucose_g_l,137,0.0001688934065094475,0.002483246494917297,
biomass_g_l,150,0.046439550565550096,0.4771042722048933,0.0
DO_percent,150,0.18964052914568913,31.98785397391893,0.0
pH,150,0.04070013142601778,0.0838069438956197,0.0
