observable,n,nrmse,mae,r2
glucose_g_l,97,9.500838761262613e-05,0.0014817132002471938,
biomass_g_l,180,0.07961672643174542,0.8330085386077226,0.0
DO_percent,180,0.013586451276795494,1.45170608323302,0.0
pH,180,0.07430080893089097,0.13887835106861415,0.0
