{
  "mu_max": 0.004975105170160532,
  "Ksubs": 0.009683273732662201,
  "KLaO2": 1.9999457597732544,
  "KLaCO2": 10.028339385986328
}