{
  "mu_max": 0.005046720150858164,
  "Ksubs": 0.00955035537481308,
  "KLaO2": 1.9999457597732544,
  "KLaCO2": 10.030425071716309
}