observable,n,nrmse,mae,r2
glucose_g_l,1,1.2135510328952924e-05,0.0002495060907676,
biomass_g_l,90,0.12183548267912328,1.280447565073623,0.0
DO_percent,90,0.09169030762435065,15.933670178594214,0.0
pH,90,0.06158886290127117,0.13100362185948813,0.0
