observable,n,nrmse,mae,r2
glucose_g_l,7,1.3550481252342113e-05,0.00027795946308672856,
biomass_g_l,90,0.12183548267912328,1.280447565073623,0.0
DO_percent,90,0.09169030762435065,15.933670178594214,0.0
pH,90,0.06158886290127117,0.13100362185948813,0.0
