observable,n,nrmse,mae,r2
glucose_g_l,185,0.00999098087913885,0.1465777366182711,0.0
biomass_g_l,200,0.167918602013686,1.6591703835307892,0.0
DO_percent,200,0.1463189351201549,20.604147263601853,0.0
pH,200,0.22591695091183536,0.47381766790424856,0.0
