observable,n,nrmse,mae,r2
glucose_g_l,7,0.010275893378105019,0.11369238048791881,
biomass_g_l,200,0.167918602013686,1.6591703835307892,0.0
DO_percent,200,0.1463189351201549,20.604147263601853,0.0
pH,200,0.22591695091183536,0.47381766790424856,0.0
