observable,n,nrmse,mae,r2
glucose_g_l,99,0.0007451810363396917,0.011573204599000993,
biomass_g_l,179,0.0690047069350913,0.7186002820582998,0.0
DO_percent,179,0.061874788028555484,10.932951511301788,0.0
pH,179,0.1585589407375406,0.32298759021412066,0.0
