observable,n,nrmse,mae,r2
glucose_g_l,18,0.06498913215026392,0.8055195198507165,0.636046491726941
biomass_g_l,426,0.06885396862960086,0.6068273782730103,0.7748263478279114
DO_percent,450,0.15854296538938778,17.085695266723633,0.0
pH,450,0.04308832827541511,0.08424145728349686,0.0
