observable,n,nrmse,mae,r2
glucose_g_l,19,0.07632280335969915,0.7653621609711819,0.7964633714251086
biomass_g_l,429,0.09131307517654265,0.915094256401062,0.5647390484809875
DO_percent,452,0.02570963571987237,2.610341787338257,0.0
pH,452,0.21502076444546872,0.45639073848724365,0.0
