observable,n,nrmse,mae,r2
glucose_g_l,19,0.07803655652680683,0.7819276266137012,0.7872203238522982
biomass_g_l,429,0.09022187998538564,0.9024849534034729,0.5750796794891357
DO_percent,452,0.025265740156457436,2.3469810485839844,0.0
pH,452,0.20277266399135124,0.4305492043495178,0.0
