observable,n,nrmse,mae,r2
glucose_g_l,18,0.06787898790719689,0.848765178914306,0.6029591869924118
biomass_g_l,426,0.06987502149711758,0.6187167167663574,0.7680985331535339
DO_percent,450,0.1584712286485493,17.752355575561523,0.0
pH,450,0.03990333091705707,0.07757782191038132,0.0
