observable,n,nrmse,mae,r2
glucose_g_l,285,0.052217004446645586,0.7703931876801243,0.3655989567999167
biomass_g_l,301,0.2206684075169994,1.538529553330344,0.0
DO_percent,301,0.004571978584127786,0.43299911690550846,0.0
pH,301,0.15916617930459412,0.3026064070864043,0.0
