{
  "mu_max": 0.004988516215234995,
  "Ksubs": 0.009741239249706268,
  "KLaO2": 1.9999457597732544,
  "KLaCO2": 10.029531478881836
}