observable,n,nrmse,mae,r2
glucose_g_l,85,0.0004527983839570498,0.007811206458684226,
biomass_g_l,100,0.00826654454557084,0.0817038981931654,0.0
DO_percent,100,0.028468531572237218,4.770691228615899,0.0
pH,100,0.15778536868554283,0.3359730288364455,0.0
