observable,n,nrmse,mae,r2
glucose_g_l,15,0.1690533902206244,2.598280321151949,0.0
biomass_g_l,400,10.025825575796128,28.56407997903593,0.0
DO_percent,400,0.01800407237405273,1.0129225545368208,0.0
pH,400,0.3457551466677323,0.6833733016147883,0.0
