observable,n,nrmse,mae,r2
glucose_g_l,188,0.0015577462308232284,0.022435408484550768,0.0
biomass_g_l,269,0.06536356300847763,0.5004066605352407,0.0
DO_percent,269,0.5169656212264668,92.60435591095253,0.0
pH,269,0.022474580359617465,0.03810832595794614,0.0
