observable,n,nrmse,mae,r2
glucose_g_l,3,5.019514985582589e-05,0.0009451979616035333,
biomass_g_l,135,0.1002240505227632,1.0421230798743943,0.0
DO_percent,135,0.19163254465571294,33.32163863216708,0.0
pH,135,0.015541965150530712,0.028357479778557862,0.0
