observable,n,nrmse,mae,r2
glucose_g_l,16,0.2619000813143033,3.8567443946949616,0.0
biomass_g_l,361,7.414660257666,20.82879717261094,0.0
DO_percent,361,0.6439298354412664,65.67427997808791,0.0
pH,361,0.11250078688019316,0.21461152880706252,0.0
