observable,n,rmse,mae,r2
glucose_mol_l,4,0.00023661724229134167,0.00015237467596307397,0.0
biomass_g_l,90,0.19217149388720353,0.13567382097244263,0.9842948913574219
O2_l_mol,90,2.8260289514833117e-06,1.4119086699793115e-06,0.9664148092269897
pH,90,0.0051768918788584455,0.003829865949228406,0.988203227519989
