observable,n,nrmse,mae,r2
glucose_g_l,187,0.00013319641478314216,0.0008612767266353624,
biomass_g_l,270,0.2590256231072002,1.9708876900082344,0.0
DO_percent,270,0.4299281609082011,76.98733050226097,0.0
pH,270,0.14801500914516705,0.28872938481237115,0.0
