observable,n,nrmse,mae,r2
glucose_g_l,334,0.019058128235084845,0.1655037138856231,0.9181986390577812
biomass_g_l,350,0.3435518949552693,1.9949039617412805,0.0
DO_percent,350,0.00879637904448563,0.9447017751229064,0.0
pH,350,0.394897279148725,0.6625453832982076,0.0
