observable,n,nrmse,mae,r2
glucose_g_l,13,0.016049376725674497,0.1490090229148924,0.9434231866006124
biomass_g_l,350,0.3435518949552693,1.9949039617412805,0.0
DO_percent,350,0.00879637904448563,0.9447017751229064,0.0
pH,350,0.394897279148725,0.6625453832982076,0.0
